Country_Code,Country,Year,Total_Freshwater_Withdrawal,Freshwater_Data_Status,Freshwater_Unit,Cultivated_Area_Percentage,Cultivated_Data_Status,Cultivated_Unit,Cultivation_Category,Freshwater_Withdrawal_Category,Water_per_Cultivation
AFG,Afghanistan,2014,20.28,Imputed value (CCSA definition),Cubic meters per year,12.12,Estimated value,Percentage of land area,Moderate Cultivation,High Withdrawal,1.673267327
AFG,Afghanistan,2015,20.28,Imputed value (CCSA definition),Cubic meters per year,12.12,Estimated value,Percentage of land area,Moderate Cultivation,High Withdrawal,1.673267327
AFG,Afghanistan,2016,20.28,Imputed value (CCSA definition),Cubic meters per year,12.12,Estimated value,Percentage of land area,Moderate Cultivation,High Withdrawal,1.673267327
AFG,Afghanistan,2017,20.28,Imputed value (CCSA definition),Cubic meters per year,12.12,Estimated value,Percentage of land area,Moderate Cultivation,High Withdrawal,1.673267327
AFG,Afghanistan,2018,20.28,Imputed value (CCSA definition),Cubic meters per year,12.27,Estimated value,Percentage of land area,Moderate Cultivation,High Withdrawal,1.652811736
AFG,Afghanistan,2019,20.28,Imputed value (CCSA definition),Cubic meters per year,12.27,Estimated value,Percentage of land area,Moderate Cultivation,High Withdrawal,1.652811736
AFG,Afghanistan,2020,20.28,Imputed value (CCSA definition),Cubic meters per year,12.33,Estimated value,Percentage of land area,Moderate Cultivation,High Withdrawal,1.644768856
AFG,Afghanistan,2021,20.28,Imputed value (CCSA definition),Cubic meters per year,12.33,Estimated value,Percentage of land area,Moderate Cultivation,High Withdrawal,1.644768856
AFG,Afghanistan,2022,20.28,Imputed value (CCSA definition),Cubic meters per year,12.33,Estimated value,Percentage of land area,Moderate Cultivation,High Withdrawal,1.644768856
ALB,Albania,2014,1.07,Estimated value,Cubic meters per year,24.21,Estimated value,Percentage of land area,Moderate Cultivation,Medium Withdrawal,0.044196613
ALB,Albania,2015,0.92,Normal value,Cubic meters per year,24.21,Estimated value,Percentage of land area,Moderate Cultivation,Low Withdrawal,0.038000826
ALB,Albania,2016,1.09,Estimated value,Cubic meters per year,24.47,Estimated value,Percentage of land area,Moderate Cultivation,Medium Withdrawal,0.04454434
ALB,Albania,2017,1.09,Estimated value,Cubic meters per year,25.11,Estimated value,Percentage of land area,Moderate Cultivation,Medium Withdrawal,0.043409
ALB,Albania,2018,0.96,Normal value,Cubic meters per year,25.1,Estimated value,Percentage of land area,Moderate Cultivation,Low Withdrawal,0.038247012
ALB,Albania,2019,1.13,Normal value,Cubic meters per year,25.1,Estimated value,Percentage of land area,Moderate Cultivation,Medium Withdrawal,0.04501992
ALB,Albania,2020,0.79,Normal value,Cubic meters per year,24.79,Estimated value,Percentage of land area,Moderate Cultivation,Low Withdrawal,0.031867689
ALB,Albania,2021,0.8,Normal value,Cubic meters per year,24.79,Estimated value,Percentage of land area,Moderate Cultivation,Low Withdrawal,0.032271077
ALB,Albania,2022,0.8,Normal value,Cubic meters per year,24.75,Estimated value,Percentage of land area,Moderate Cultivation,Low Withdrawal,0.032323232
DZA,Algeria,2014,8.57,Imputed value (CCSA definition),Cubic meters per year,3.54,Estimated value,Percentage of land area,Low Cultivation,Medium Withdrawal,2.420903955
DZA,Algeria,2015,8.95,Normal value,Cubic meters per year,3.55,Estimated value,Percentage of land area,Low Cultivation,Medium Withdrawal,2.521126761
DZA,Algeria,2016,9.23,Estimated value,Cubic meters per year,3.53,Estimated value,Percentage of land area,Low Cultivation,Medium Withdrawal,2.614730878
DZA,Algeria,2017,9.8,Normal value,Cubic meters per year,3.56,Estimated value,Percentage of land area,Low Cultivation,Medium Withdrawal,2.752808989
DZA,Algeria,2018,10.08,Imputed value (CCSA definition),Cubic meters per year,3.57,Estimated value,Percentage of land area,Low Cultivation,High Withdrawal,2.823529412
DZA,Algeria,2019,10.35,Imputed value (CCSA definition),Cubic meters per year,3.57,Estimated value,Percentage of land area,Low Cultivation,High Withdrawal,2.899159664
DZA,Algeria,2020,10.63,Normal value,Cubic meters per year,3.56,Estimated value,Percentage of land area,Low Cultivation,High Withdrawal,2.985955056
DZA,Algeria,2021,9.99,Normal value,Cubic meters per year,3.56,Estimated value,Percentage of land area,Low Cultivation,Medium Withdrawal,2.806179775
DZA,Algeria,2022,10.29,Normal value,Cubic meters per year,3.57,Estimated value,Percentage of land area,Low Cultivation,High Withdrawal,2.882352941
AGO,Angola,2014,0.71,Imputed value (CCSA definition),Cubic meters per year,4.26,Estimated value,Percentage of land area,Low Cultivation,Low Withdrawal,0.166666667
AGO,Angola,2015,0.71,Imputed value (CCSA definition),Cubic meters per year,4.35,Estimated value,Percentage of land area,Low Cultivation,Low Withdrawal,0.163218391
AGO,Angola,2016,0.71,Imputed value (CCSA definition),Cubic meters per year,4.54,Estimated value,Percentage of land area,Low Cultivation,Low Withdrawal,0.156387665
AGO,Angola,2017,0.71,Imputed value (CCSA definition),Cubic meters per year,4.55,Estimated value,Percentage of land area,Low Cultivation,Low Withdrawal,0.156043956
AGO,Angola,2018,0.71,Imputed value (CCSA definition),Cubic meters per year,4.55,Estimated value,Percentage of land area,Low Cultivation,Low Withdrawal,0.156043956
AGO,Angola,2019,0.71,Imputed value (CCSA definition),Cubic meters per year,4.56,Estimated value,Percentage of land area,Low Cultivation,Low Withdrawal,0.155701754
AGO,Angola,2020,0.71,Imputed value (CCSA definition),Cubic meters per year,4.56,Estimated value,Percentage of land area,Low Cultivation,Low Withdrawal,0.155701754
AGO,Angola,2021,0.71,Imputed value (CCSA definition),Cubic meters per year,4.56,Estimated value,Percentage of land area,Low Cultivation,Low Withdrawal,0.155701754
AGO,Angola,2022,0.71,Imputed value (CCSA definition),Cubic meters per year,4.56,Estimated value,Percentage of land area,Low Cultivation,Low Withdrawal,0.155701754
ATG,Antigua and Barbuda,2014,0,Imputed value (CCSA definition),Cubic meters per year,11.36,Estimated value,Percentage of land area,Moderate Cultivation,Low Withdrawal,0
ATG,Antigua and Barbuda,2015,0,Imputed value (CCSA definition),Cubic meters per year,11.36,Estimated value,Percentage of land area,Moderate Cultivation,Low Withdrawal,0
ATG,Antigua and Barbuda,2016,0,Imputed value (CCSA definition),Cubic meters per year,11.36,Estimated value,Percentage of land area,Moderate Cultivation,Low Withdrawal,0
ATG,Antigua and Barbuda,2017,0,Imputed value (CCSA definition),Cubic meters per year,11.36,Estimated value,Percentage of land area,Moderate Cultivation,Low Withdrawal,0
ATG,Antigua and Barbuda,2018,0,Imputed value (CCSA definition),Cubic meters per year,11.36,Estimated value,Percentage of land area,Moderate Cultivation,Low Withdrawal,0
ATG,Antigua and Barbuda,2019,0,Imputed value (CCSA definition),Cubic meters per year,11.36,Estimated value,Percentage of land area,Moderate Cultivation,Low Withdrawal,0
ATG,Antigua and Barbuda,2020,0,Imputed value (CCSA definition),Cubic meters per year,11.36,Estimated value,Percentage of land area,Moderate Cultivation,Low Withdrawal,0
ATG,Antigua and Barbuda,2021,0,Imputed value (CCSA definition),Cubic meters per year,11.36,Estimated value,Percentage of land area,Moderate Cultivation,Low Withdrawal,0
ATG,Antigua and Barbuda,2022,0,Imputed value (CCSA definition),Cubic meters per year,11.36,Estimated value,Percentage of land area,Moderate Cultivation,Low Withdrawal,0
ARG,Argentina,2014,37.69,Imputed value (CCSA definition),Cubic meters per year,14.38,Estimated value,Percentage of land area,Moderate Cultivation,High Withdrawal,2.621001391
ARG,Argentina,2015,37.69,Imputed value (CCSA definition),Cubic meters per year,14.87,Estimated value,Percentage of land area,Moderate Cultivation,High Withdrawal,2.53463349
ARG,Argentina,2016,37.69,Imputed value (CCSA definition),Cubic meters per year,14.76,Estimated value,Percentage of land area,Moderate Cultivation,High Withdrawal,2.553523035
ARG,Argentina,2017,37.69,Imputed value (CCSA definition),Cubic meters per year,14.88,Estimated value,Percentage of land area,Moderate Cultivation,High Withdrawal,2.532930108
ARG,Argentina,2018,37.69,Imputed value (CCSA definition),Cubic meters per year,14.84,Estimated value,Percentage of land area,Moderate Cultivation,High Withdrawal,2.539757412
ARG,Argentina,2019,37.69,Imputed value (CCSA definition),Cubic meters per year,15.08,Estimated value,Percentage of land area,Moderate Cultivation,High Withdrawal,2.49933687
ARG,Argentina,2020,37.69,Imputed value (CCSA definition),Cubic meters per year,15.46,Estimated value,Percentage of land area,Moderate Cultivation,High Withdrawal,2.437904269
ARG,Argentina,2021,37.69,Imputed value (CCSA definition),Cubic meters per year,15.57,Estimated value,Percentage of land area,Moderate Cultivation,High Withdrawal,2.420680796
ARG,Argentina,2022,37.69,Imputed value (CCSA definition),Cubic meters per year,15.89,Estimated value,Percentage of land area,Moderate Cultivation,High Withdrawal,2.371932033
ARM,Armenia,2014,2.86,Normal value,Cubic meters per year,16.97,Estimated value,Percentage of land area,Moderate Cultivation,Medium Withdrawal,0.168532705
ARM,Armenia,2015,3.27,Estimated value,Cubic meters per year,16.96,Estimated value,Percentage of land area,Moderate Cultivation,Medium Withdrawal,0.192806604
ARM,Armenia,2016,3.18,Estimated value,Cubic meters per year,16.96,Estimated value,Percentage of land area,Moderate Cultivation,Medium Withdrawal,0.1875
ARM,Armenia,2017,2.87,Estimated value,Cubic meters per year,16.95,Estimated value,Percentage of land area,Moderate Cultivation,Medium Withdrawal,0.169321534
ARM,Armenia,2018,2.71,Normal value,Cubic meters per year,16.97,Estimated value,Percentage of land area,Moderate Cultivation,Medium Withdrawal,0.159693577
ARM,Armenia,2019,2.86,Normal value,Cubic meters per year,16.98,Estimated value,Percentage of land area,Moderate Cultivation,Medium Withdrawal,0.168433451
ARM,Armenia,2020,2.83,Normal value,Cubic meters per year,16.95,Estimated value,Percentage of land area,Moderate Cultivation,Medium Withdrawal,0.166961652
ARM,Armenia,2021,2.97,Normal value,Cubic meters per year,16.94,Estimated value,Percentage of land area,Moderate Cultivation,Medium Withdrawal,0.175324675
ARM,Armenia,2022,3.07,Normal value,Cubic meters per year,16.94,Estimated value,Percentage of land area,Moderate Cultivation,Medium Withdrawal,0.181227863
AUS,Australia,2014,18.46,Estimated value,Cubic meters per year,4.17,Estimated value,Percentage of land area,Low Cultivation,High Withdrawal,4.426858513
AUS,Australia,2015,9.22,Estimated value,Cubic meters per year,4.06,Estimated value,Percentage of land area,Low Cultivation,Medium Withdrawal,2.270935961
AUS,Australia,2016,10.62,Estimated value,Cubic meters per year,3.92,Estimated value,Percentage of land area,Low Cultivation,High Withdrawal,2.709183673
AUS,Australia,2017,12.06,Estimated value,Cubic meters per year,4.01,Estimated value,Percentage of land area,Low Cultivation,High Withdrawal,3.007481297
AUS,Australia,2018,12.33,Normal value,Cubic meters per year,4.04,Estimated value,Percentage of land area,Low Cultivation,High Withdrawal,3.051980198
AUS,Australia,2019,10.56,Normal value,Cubic meters per year,3.99,Estimated value,Percentage of land area,Low Cultivation,High Withdrawal,2.646616541
AUS,Australia,2020,8.38,Normal value,Cubic meters per year,4,Estimated value,Percentage of land area,Low Cultivation,Medium Withdrawal,2.095
AUS,Australia,2021,11.06,Normal value,Cubic meters per year,4.09,Estimated value,Percentage of land area,Low Cultivation,High Withdrawal,2.704156479
AUS,Australia,2022,11.62,Normal value,Cubic meters per year,4.09,Estimated value,Percentage of land area,Low Cultivation,High Withdrawal,2.841075795
AUT,Austria,2014,3.33,Imputed value (CCSA definition),Cubic meters per year,16.89,Estimated value,Percentage of land area,Moderate Cultivation,Medium Withdrawal,0.197158082
AUT,Austria,2015,3.3,Imputed value (CCSA definition),Cubic meters per year,16.83,Estimated value,Percentage of land area,Moderate Cultivation,Medium Withdrawal,0.196078431
AUT,Austria,2016,3.26,Imputed value (CCSA definition),Cubic meters per year,16.83,Estimated value,Percentage of land area,Moderate Cultivation,Medium Withdrawal,0.193701723
AUT,Austria,2017,3.22,Imputed value (CCSA definition),Cubic meters per year,16.64,Estimated value,Percentage of land area,Moderate Cultivation,Medium Withdrawal,0.193509615
AUT,Austria,2018,3.18,Imputed value (CCSA definition),Cubic meters per year,16.62,Estimated value,Percentage of land area,Moderate Cultivation,Medium Withdrawal,0.19133574
AUT,Austria,2019,3.14,Normal value,Cubic meters per year,16.6,Estimated value,Percentage of land area,Moderate Cultivation,Medium Withdrawal,0.189156627
AUT,Austria,2020,3.14,Imputed value (CCSA definition),Cubic meters per year,16.6,Estimated value,Percentage of land area,Moderate Cultivation,Medium Withdrawal,0.189156627
AUT,Austria,2021,3.14,Imputed value (CCSA definition),Cubic meters per year,16.58,Estimated value,Percentage of land area,Moderate Cultivation,Medium Withdrawal,0.189384801
AUT,Austria,2022,3.14,Imputed value (CCSA definition),Cubic meters per year,16.54,Estimated value,Percentage of land area,Moderate Cultivation,Medium Withdrawal,0.189842805
AZE,Azerbaijan,2014,11.59,Normal value,Cubic meters per year,24.94,Estimated value,Percentage of land area,Moderate Cultivation,High Withdrawal,0.464715317
AZE,Azerbaijan,2015,11.69,Normal value,Cubic meters per year,25.11,Estimated value,Percentage of land area,Moderate Cultivation,High Withdrawal,0.465551573
AZE,Azerbaijan,2016,11.88,Normal value,Cubic meters per year,25.87,Estimated value,Percentage of land area,Moderate Cultivation,High Withdrawal,0.459219173
AZE,Azerbaijan,2017,12.12,Normal value,Cubic meters per year,27.04,Estimated value,Percentage of land area,Moderate Cultivation,High Withdrawal,0.448224852
AZE,Azerbaijan,2018,12.17,Normal value,Cubic meters per year,27.17,Estimated value,Percentage of land area,Moderate Cultivation,High Withdrawal,0.447920501
AZE,Azerbaijan,2019,12.59,Normal value,Cubic meters per year,27.21,Estimated value,Percentage of land area,Moderate Cultivation,High Withdrawal,0.462697538
AZE,Azerbaijan,2020,12.2,Normal value,Cubic meters per year,27.22,Estimated value,Percentage of land area,Moderate Cultivation,High Withdrawal,0.448199853
AZE,Azerbaijan,2021,12.97,Normal value,Cubic meters per year,27.29,Estimated value,Percentage of land area,Moderate Cultivation,High Withdrawal,0.475265665
AZE,Azerbaijan,2022,13.03,Normal value,Cubic meters per year,27.32,Estimated value,Percentage of land area,Moderate Cultivation,High Withdrawal,0.476939971
BHR,Bahrain,2014,0.18,Estimated value,Cubic meters per year,5.75,Estimated value,Percentage of land area,Low Cultivation,Low Withdrawal,0.031304348
BHR,Bahrain,2015,0.16,Estimated value,Cubic meters per year,5.55,Estimated value,Percentage of land area,Low Cultivation,Low Withdrawal,0.028828829
BHR,Bahrain,2016,0.16,Normal value,Cubic meters per year,5.42,Estimated value,Percentage of land area,Low Cultivation,Low Withdrawal,0.029520295
BHR,Bahrain,2017,0.16,Imputed value (CCSA definition),Cubic meters per year,5.27,Estimated value,Percentage of land area,Low Cultivation,Low Withdrawal,0.030360531
BHR,Bahrain,2018,0.16,Imputed value (CCSA definition),Cubic meters per year,5.27,Estimated value,Percentage of land area,Low Cultivation,Low Withdrawal,0.030360531
BHR,Bahrain,2019,0.16,Imputed value (CCSA definition),Cubic meters per year,5.26,Estimated value,Percentage of land area,Low Cultivation,Low Withdrawal,0.030418251
BHR,Bahrain,2020,0.16,Imputed value (CCSA definition),Cubic meters per year,5.22,Estimated value,Percentage of land area,Low Cultivation,Low Withdrawal,0.030651341
BHR,Bahrain,2021,0.16,Imputed value (CCSA definition),Cubic meters per year,5.19,Estimated value,Percentage of land area,Low Cultivation,Low Withdrawal,0.030828516
BHR,Bahrain,2022,0.16,Imputed value (CCSA definition),Cubic meters per year,5.19,Estimated value,Percentage of land area,Low Cultivation,Low Withdrawal,0.030828516
BGD,Bangladesh,2014,35.87,Imputed value (CCSA definition),Cubic meters per year,57.57,Estimated value,Percentage of land area,High Cultivation,High Withdrawal,0.62306757
BGD,Bangladesh,2015,35.87,Imputed value (CCSA definition),Cubic meters per year,58,Estimated value,Percentage of land area,High Cultivation,High Withdrawal,0.618448276
BGD,Bangladesh,2016,35.87,Imputed value (CCSA definition),Cubic meters per year,58.21,Estimated value,Percentage of land area,High Cultivation,High Withdrawal,0.616217145
BGD,Bangladesh,2017,35.87,Imputed value (CCSA definition),Cubic meters per year,58.03,Estimated value,Percentage of land area,High Cultivation,High Withdrawal,0.618128554
BGD,Bangladesh,2018,35.87,Imputed value (CCSA definition),Cubic meters per year,58.29,Estimated value,Percentage of land area,High Cultivation,High Withdrawal,0.615371419
BGD,Bangladesh,2019,35.87,Imputed value (CCSA definition),Cubic meters per year,59.61,Estimated value,Percentage of land area,High Cultivation,High Withdrawal,0.601744674
BGD,Bangladesh,2020,35.87,Imputed value (CCSA definition),Cubic meters per year,59.84,Estimated value,Percentage of land area,High Cultivation,High Withdrawal,0.599431818
BGD,Bangladesh,2021,35.87,Imputed value (CCSA definition),Cubic meters per year,59.75,Estimated value,Percentage of land area,High Cultivation,High Withdrawal,0.600334728
BGD,Bangladesh,2022,35.87,Imputed value (CCSA definition),Cubic meters per year,59.75,Estimated value,Percentage of land area,High Cultivation,High Withdrawal,0.600334728
BRB,Barbados,2014,0.07,Imputed value (CCSA definition),Cubic meters per year,23.26,Estimated value,Percentage of land area,Moderate Cultivation,Low Withdrawal,0.003009458
BRB,Barbados,2015,0.07,Imputed value (CCSA definition),Cubic meters per year,20.93,Estimated value,Percentage of land area,Moderate Cultivation,Low Withdrawal,0.003344482
BRB,Barbados,2016,0.07,Imputed value (CCSA definition),Cubic meters per year,18.6,Estimated value,Percentage of land area,Moderate Cultivation,Low Withdrawal,0.003763441
BRB,Barbados,2017,0.07,Imputed value (CCSA definition),Cubic meters per year,18.6,Estimated value,Percentage of land area,Moderate Cultivation,Low Withdrawal,0.003763441
BRB,Barbados,2018,0.07,Imputed value (CCSA definition),Cubic meters per year,18.6,Estimated value,Percentage of land area,Moderate Cultivation,Low Withdrawal,0.003763441
BRB,Barbados,2019,0.07,Imputed value (CCSA definition),Cubic meters per year,18.6,Estimated value,Percentage of land area,Moderate Cultivation,Low Withdrawal,0.003763441
BRB,Barbados,2020,0.07,Imputed value (CCSA definition),Cubic meters per year,18.6,Estimated value,Percentage of land area,Moderate Cultivation,Low Withdrawal,0.003763441
BRB,Barbados,2021,0.07,Imputed value (CCSA definition),Cubic meters per year,18.6,Estimated value,Percentage of land area,Moderate Cultivation,Low Withdrawal,0.003763441
BRB,Barbados,2022,0.07,Imputed value (CCSA definition),Cubic meters per year,18.6,Estimated value,Percentage of land area,Moderate Cultivation,Low Withdrawal,0.003763441
BLR,Belarus,2014,1.57,Estimated value,Cubic meters per year,27.84,Estimated value,Percentage of land area,Moderate Cultivation,Medium Withdrawal,0.056393678
BLR,Belarus,2015,1.45,Normal value,Cubic meters per year,27.89,Estimated value,Percentage of land area,Moderate Cultivation,Medium Withdrawal,0.051989961
BLR,Belarus,2016,1.45,Estimated value,Cubic meters per year,27.91,Estimated value,Percentage of land area,Moderate Cultivation,Medium Withdrawal,0.051952705
BLR,Belarus,2017,1.4,Estimated value,Cubic meters per year,28.14,Estimated value,Percentage of land area,Moderate Cultivation,Medium Withdrawal,0.049751244
BLR,Belarus,2018,1.39,Normal value,Cubic meters per year,28.05,Estimated value,Percentage of land area,Moderate Cultivation,Medium Withdrawal,0.049554367
BLR,Belarus,2019,1.36,Normal value,Cubic meters per year,28.03,Estimated value,Percentage of land area,Moderate Cultivation,Medium Withdrawal,0.048519443
BLR,Belarus,2020,1.33,Estimated value,Cubic meters per year,27.74,Estimated value,Percentage of land area,Moderate Cultivation,Medium Withdrawal,0.047945205
BLR,Belarus,2021,1.42,Normal value,Cubic meters per year,27.54,Estimated value,Percentage of land area,Moderate Cultivation,Medium Withdrawal,0.051561365
BLR,Belarus,2022,1.41,Normal value,Cubic meters per year,27.43,Estimated value,Percentage of land area,Moderate Cultivation,Medium Withdrawal,0.051403573
BEL,Belgium,2014,4.56,Figure from international organizations,Cubic meters per year,27.49,Estimated value,Percentage of land area,Moderate Cultivation,Medium Withdrawal,0.165878501
BEL,Belgium,2015,3.99,Figure from international organizations,Cubic meters per year,27.91,Estimated value,Percentage of land area,Moderate Cultivation,Medium Withdrawal,0.142959513
BEL,Belgium,2016,4.19,Imputed value (CCSA definition),Cubic meters per year,28.58,Estimated value,Percentage of land area,Moderate Cultivation,Medium Withdrawal,0.146606018
BEL,Belgium,2017,4.39,Normal value,Cubic meters per year,28.18,Estimated value,Percentage of land area,Moderate Cultivation,Medium Withdrawal,0.155784244
BEL,Belgium,2018,4.18,Estimated value,Cubic meters per year,28.52,Estimated value,Percentage of land area,Moderate Cultivation,Medium Withdrawal,0.146563815
BEL,Belgium,2019,4.2,Estimated value,Cubic meters per year,28.74,Estimated value,Percentage of land area,Moderate Cultivation,Medium Withdrawal,0.146137787
BEL,Belgium,2020,4.25,Estimated value,Cubic meters per year,28.99,Estimated value,Percentage of land area,Moderate Cultivation,Medium Withdrawal,0.146602277
BEL,Belgium,2021,4.3,Estimated value,Cubic meters per year,29.02,Estimated value,Percentage of land area,Moderate Cultivation,Medium Withdrawal,0.148173673
BEL,Belgium,2022,4.3,Estimated value,Cubic meters per year,28.96,Estimated value,Percentage of land area,Moderate Cultivation,Medium Withdrawal,0.148480663
BLZ,Belize,2014,0.1,Imputed value (CCSA definition),Cubic meters per year,4.79,Estimated value,Percentage of land area,Low Cultivation,Low Withdrawal,0.020876827
BLZ,Belize,2015,0.1,Imputed value (CCSA definition),Cubic meters per year,5.22,Estimated value,Percentage of land area,Low Cultivation,Low Withdrawal,0.019157088
BLZ,Belize,2016,0.1,Imputed value (CCSA definition),Cubic meters per year,5.22,Estimated value,Percentage of land area,Low Cultivation,Low Withdrawal,0.019157088
BLZ,Belize,2017,0.1,Imputed value (CCSA definition),Cubic meters per year,5.31,Estimated value,Percentage of land area,Low Cultivation,Low Withdrawal,0.018832392
BLZ,Belize,2018,0.1,Imputed value (CCSA definition),Cubic meters per year,5.31,Estimated value,Percentage of land area,Low Cultivation,Low Withdrawal,0.018832392
BLZ,Belize,2019,0.1,Imputed value (CCSA definition),Cubic meters per year,5.4,Estimated value,Percentage of land area,Low Cultivation,Low Withdrawal,0.018518519
BLZ,Belize,2020,0.1,Imputed value (CCSA definition),Cubic meters per year,5.66,Estimated value,Percentage of land area,Low Cultivation,Low Withdrawal,0.017667845
BLZ,Belize,2021,0.1,Imputed value (CCSA definition),Cubic meters per year,5.75,Estimated value,Percentage of land area,Low Cultivation,Low Withdrawal,0.017391304
BLZ,Belize,2022,0.1,Imputed value (CCSA definition),Cubic meters per year,5.75,Estimated value,Percentage of land area,Low Cultivation,Low Withdrawal,0.017391304
BEN,Benin,2014,0.13,Imputed value (CCSA definition),Cubic meters per year,30.04,Estimated value,Percentage of land area,High Cultivation,Low Withdrawal,0.004327563
BEN,Benin,2015,0.13,Imputed value (CCSA definition),Cubic meters per year,30.7,Estimated value,Percentage of land area,High Cultivation,Low Withdrawal,0.004234528
BEN,Benin,2016,0.13,Imputed value (CCSA definition),Cubic meters per year,28.99,Estimated value,Percentage of land area,Moderate Cultivation,Low Withdrawal,0.004484305
BEN,Benin,2017,0.13,Imputed value (CCSA definition),Cubic meters per year,30.88,Estimated value,Percentage of land area,High Cultivation,Low Withdrawal,0.004209845
BEN,Benin,2018,0.13,Imputed value (CCSA definition),Cubic meters per year,34.08,Estimated value,Percentage of land area,High Cultivation,Low Withdrawal,0.003814554
BEN,Benin,2019,0.13,Imputed value (CCSA definition),Cubic meters per year,35.56,Estimated value,Percentage of land area,High Cultivation,Low Withdrawal,0.003655793
BEN,Benin,2020,0.13,Imputed value (CCSA definition),Cubic meters per year,33.84,Estimated value,Percentage of land area,High Cultivation,Low Withdrawal,0.003841608
BEN,Benin,2021,0.13,Imputed value (CCSA definition),Cubic meters per year,35.5,Estimated value,Percentage of land area,High Cultivation,Low Withdrawal,0.003661972
BEN,Benin,2022,0.13,Imputed value (CCSA definition),Cubic meters per year,37.52,Estimated value,Percentage of land area,High Cultivation,Low Withdrawal,0.003464819
BTN,Bhutan,2014,0.34,Imputed value (CCSA definition),Cubic meters per year,2.93,Estimated value,Percentage of land area,Low Cultivation,Low Withdrawal,0.116040956
BTN,Bhutan,2015,0.34,Imputed value (CCSA definition),Cubic meters per year,2.93,Estimated value,Percentage of land area,Low Cultivation,Low Withdrawal,0.116040956
BTN,Bhutan,2016,0.34,Imputed value (CCSA definition),Cubic meters per year,2.76,Estimated value,Percentage of land area,Low Cultivation,Low Withdrawal,0.123188406
BTN,Bhutan,2017,0.34,Imputed value (CCSA definition),Cubic meters per year,2.6,Estimated value,Percentage of land area,Low Cultivation,Low Withdrawal,0.130769231
BTN,Bhutan,2018,0.34,Imputed value (CCSA definition),Cubic meters per year,2.6,Estimated value,Percentage of land area,Low Cultivation,Low Withdrawal,0.130769231
BTN,Bhutan,2019,0.34,Imputed value (CCSA definition),Cubic meters per year,2.6,Estimated value,Percentage of land area,Low Cultivation,Low Withdrawal,0.130769231
BTN,Bhutan,2020,0.34,Imputed value (CCSA definition),Cubic meters per year,2.45,Estimated value,Percentage of land area,Low Cultivation,Low Withdrawal,0.13877551
BTN,Bhutan,2021,0.34,Imputed value (CCSA definition),Cubic meters per year,2.05,Estimated value,Percentage of land area,Low Cultivation,Low Withdrawal,0.165853659
BTN,Bhutan,2022,0.34,Imputed value (CCSA definition),Cubic meters per year,1.96,Estimated value,Percentage of land area,Low Cultivation,Low Withdrawal,0.173469388
BOL,Bolivia,2014,2.15,Estimated value,Cubic meters per year,4.75,Estimated value,Percentage of land area,Low Cultivation,Medium Withdrawal,0.452631579
BOL,Bolivia,2015,2.16,Estimated value,Cubic meters per year,4.75,Estimated value,Percentage of land area,Low Cultivation,Medium Withdrawal,0.454736842
BOL,Bolivia,2016,2.17,Estimated value,Cubic meters per year,4.63,Estimated value,Percentage of land area,Low Cultivation,Medium Withdrawal,0.468682505
BOL,Bolivia,2017,2.18,Estimated value,Cubic meters per year,4.5,Estimated value,Percentage of land area,Low Cultivation,Medium Withdrawal,0.484444444
BOL,Bolivia,2018,2.19,Estimated value,Cubic meters per year,4.73,Estimated value,Percentage of land area,Low Cultivation,Medium Withdrawal,0.463002114
BOL,Bolivia,2019,2.2,Estimated value,Cubic meters per year,5.01,Estimated value,Percentage of land area,Low Cultivation,Medium Withdrawal,0.439121756
BOL,Bolivia,2020,0.37,Normal value,Cubic meters per year,5.03,Estimated value,Percentage of land area,Low Cultivation,Low Withdrawal,0.073558648
BOL,Bolivia,2021,0.36,Normal value,Cubic meters per year,5.15,Estimated value,Percentage of land area,Low Cultivation,Low Withdrawal,0.069902913
BOL,Bolivia,2022,0.36,Imputed value (CCSA definition),Cubic meters per year,5.29,Estimated value,Percentage of land area,Low Cultivation,Low Withdrawal,0.06805293
BIH,Bosnia and Herzegovina,2014,0.41,Normal value,Cubic meters per year,21.71,Estimated value,Percentage of land area,Moderate Cultivation,Low Withdrawal,0.018885306
BIH,Bosnia and Herzegovina,2015,0.42,Normal value,Cubic meters per year,22.01,Estimated value,Percentage of land area,Moderate Cultivation,Low Withdrawal,0.019082235
BIH,Bosnia and Herzegovina,2016,0.42,Normal value,Cubic meters per year,22.07,Estimated value,Percentage of land area,Moderate Cultivation,Low Withdrawal,0.019030358
BIH,Bosnia and Herzegovina,2017,0.4,Normal value,Cubic meters per year,22.79,Estimated value,Percentage of land area,Moderate Cultivation,Low Withdrawal,0.017551558
BIH,Bosnia and Herzegovina,2018,0.31,Normal value,Cubic meters per year,22.05,Estimated value,Percentage of land area,Moderate Cultivation,Low Withdrawal,0.014058957
BIH,Bosnia and Herzegovina,2019,0.31,Normal value,Cubic meters per year,21.89,Estimated value,Percentage of land area,Moderate Cultivation,Low Withdrawal,0.014161718
BIH,Bosnia and Herzegovina,2020,0.3,Normal value,Cubic meters per year,21.91,Estimated value,Percentage of land area,Moderate Cultivation,Low Withdrawal,0.013692378
BIH,Bosnia and Herzegovina,2021,0.31,Normal value,Cubic meters per year,21.79,Estimated value,Percentage of land area,Moderate Cultivation,Low Withdrawal,0.014226709
BIH,Bosnia and Herzegovina,2022,0.31,Normal value,Cubic meters per year,21.79,Estimated value,Percentage of land area,Moderate Cultivation,Low Withdrawal,0.014226709
BWA,Botswana,2014,0.19,Estimated value,Cubic meters per year,0.69,Estimated value,Percentage of land area,Low Cultivation,Low Withdrawal,0.275362319
BWA,Botswana,2015,0.19,Normal value,Cubic meters per year,0.45,Estimated value,Percentage of land area,Low Cultivation,Low Withdrawal,0.422222222
BWA,Botswana,2016,0.2,Normal value,Cubic meters per year,0.45,Estimated value,Percentage of land area,Low Cultivation,Low Withdrawal,0.444444444
BWA,Botswana,2017,0.19,Normal value,Cubic meters per year,0.45,Estimated value,Percentage of land area,Low Cultivation,Low Withdrawal,0.422222222
BWA,Botswana,2018,0.2,Normal value,Cubic meters per year,0.45,Estimated value,Percentage of land area,Low Cultivation,Low Withdrawal,0.444444444
BWA,Botswana,2019,0.2,Normal value,Cubic meters per year,0.45,Estimated value,Percentage of land area,Low Cultivation,Low Withdrawal,0.444444444
BWA,Botswana,2020,0.22,Normal value,Cubic meters per year,0.45,Estimated value,Percentage of land area,Low Cultivation,Low Withdrawal,0.488888889
BWA,Botswana,2021,0.23,Normal value,Cubic meters per year,0.45,Estimated value,Percentage of land area,Low Cultivation,Low Withdrawal,0.511111111
BWA,Botswana,2022,0.21,Normal value,Cubic meters per year,0.45,Estimated value,Percentage of land area,Low Cultivation,Low Withdrawal,0.466666667
BRA,Brazil,2014,65.02,Estimated value,Cubic meters per year,7.37,Estimated value,Percentage of land area,Low Cultivation,Very High Withdrawal,8.822252374
BRA,Brazil,2015,63.86,Normal value,Cubic meters per year,7.4,Estimated value,Percentage of land area,Low Cultivation,Very High Withdrawal,8.62972973
BRA,Brazil,2016,66.31,Normal value,Cubic meters per year,7.43,Estimated value,Percentage of land area,Low Cultivation,Very High Withdrawal,8.924629879
BRA,Brazil,2017,65.68,Normal value,Cubic meters per year,7.46,Estimated value,Percentage of land area,Low Cultivation,Very High Withdrawal,8.804289544
BRA,Brazil,2018,66.5,Normal value,Cubic meters per year,7.46,Estimated value,Percentage of land area,Low Cultivation,Very High Withdrawal,8.914209115
BRA,Brazil,2019,67.44,Normal value,Cubic meters per year,7.45,Estimated value,Percentage of land area,Low Cultivation,Very High Withdrawal,9.052348993
BRA,Brazil,2020,67.08,Normal value,Cubic meters per year,7.45,Estimated value,Percentage of land area,Low Cultivation,Very High Withdrawal,9.004026846
BRA,Brazil,2021,67.31,Normal value,Cubic meters per year,7.45,Estimated value,Percentage of land area,Low Cultivation,Very High Withdrawal,9.034899329
BRA,Brazil,2022,67.94,Normal value,Cubic meters per year,7.44,Estimated value,Percentage of land area,Low Cultivation,Very High Withdrawal,9.13172043
BRN,Brunei Darussalam,2014,0.09,Imputed value (CCSA definition),Cubic meters per year,1.73,Estimated value,Percentage of land area,Low Cultivation,Low Withdrawal,0.052023121
BRN,Brunei Darussalam,2015,0.09,Imputed value (CCSA definition),Cubic meters per year,1.73,Estimated value,Percentage of land area,Low Cultivation,Low Withdrawal,0.052023121
BRN,Brunei Darussalam,2016,0.09,Imputed value (CCSA definition),Cubic meters per year,1.73,Estimated value,Percentage of land area,Low Cultivation,Low Withdrawal,0.052023121
BRN,Brunei Darussalam,2017,0.09,Imputed value (CCSA definition),Cubic meters per year,1.73,Estimated value,Percentage of land area,Low Cultivation,Low Withdrawal,0.052023121
BRN,Brunei Darussalam,2018,0.09,Imputed value (CCSA definition),Cubic meters per year,1.73,Estimated value,Percentage of land area,Low Cultivation,Low Withdrawal,0.052023121
BRN,Brunei Darussalam,2019,0.09,Imputed value (CCSA definition),Cubic meters per year,1.73,Estimated value,Percentage of land area,Low Cultivation,Low Withdrawal,0.052023121
BRN,Brunei Darussalam,2020,0.09,Imputed value (CCSA definition),Cubic meters per year,1.73,Estimated value,Percentage of land area,Low Cultivation,Low Withdrawal,0.052023121
BRN,Brunei Darussalam,2021,0.09,Imputed value (CCSA definition),Cubic meters per year,1.73,Estimated value,Percentage of land area,Low Cultivation,Low Withdrawal,0.052023121
BRN,Brunei Darussalam,2022,0.09,Imputed value (CCSA definition),Cubic meters per year,1.73,Estimated value,Percentage of land area,Low Cultivation,Low Withdrawal,0.052023121
BGR,Bulgaria,2014,5.38,Figure from international organizations,Cubic meters per year,32.55,Estimated value,Percentage of land area,High Cultivation,Medium Withdrawal,0.165284178
BGR,Bulgaria,2015,5.63,Estimated value,Cubic meters per year,32.82,Estimated value,Percentage of land area,High Cultivation,Medium Withdrawal,0.171541743
BGR,Bulgaria,2016,5.69,Normal value,Cubic meters per year,32.77,Estimated value,Percentage of land area,High Cultivation,Medium Withdrawal,0.173634422
BGR,Bulgaria,2017,5.66,Normal value,Cubic meters per year,32.78,Estimated value,Percentage of land area,High Cultivation,Medium Withdrawal,0.17266626
BGR,Bulgaria,2018,5.42,Normal value,Cubic meters per year,32.73,Estimated value,Percentage of land area,High Cultivation,Medium Withdrawal,0.165597311
BGR,Bulgaria,2019,5.42,Estimated value,Cubic meters per year,32.71,Estimated value,Percentage of land area,High Cultivation,Medium Withdrawal,0.165698563
BGR,Bulgaria,2020,4.97,Normal value,Cubic meters per year,32.84,Estimated value,Percentage of land area,High Cultivation,Medium Withdrawal,0.151339829
BGR,Bulgaria,2021,5.21,Normal value,Cubic meters per year,32.89,Estimated value,Percentage of land area,High Cultivation,Medium Withdrawal,0.158406811
BGR,Bulgaria,2022,5.44,Normal value,Cubic meters per year,32.52,Estimated value,Percentage of land area,High Cultivation,Medium Withdrawal,0.167281673
BFA,Burkina Faso,2014,0.82,Estimated value,Cubic meters per year,26.7,Estimated value,Percentage of land area,Moderate Cultivation,Low Withdrawal,0.03071161
BFA,Burkina Faso,2015,0.82,Estimated value,Cubic meters per year,27.3,Estimated value,Percentage of land area,Moderate Cultivation,Low Withdrawal,0.03003663
BFA,Burkina Faso,2016,0.82,Estimated value,Cubic meters per year,27.83,Estimated value,Percentage of land area,Moderate Cultivation,Low Withdrawal,0.029464607
BFA,Burkina Faso,2017,0.82,Estimated value,Cubic meters per year,28.36,Estimated value,Percentage of land area,Moderate Cultivation,Low Withdrawal,0.028913963
BFA,Burkina Faso,2018,0.82,Estimated value,Cubic meters per year,29.19,Estimated value,Percentage of land area,Moderate Cultivation,Low Withdrawal,0.028091812
BFA,Burkina Faso,2019,0.82,Estimated value,Cubic meters per year,29.68,Estimated value,Percentage of land area,Moderate Cultivation,Low Withdrawal,0.027628032
BFA,Burkina Faso,2020,0.82,Estimated value,Cubic meters per year,30.16,Estimated value,Percentage of land area,High Cultivation,Low Withdrawal,0.027188329
BFA,Burkina Faso,2021,0.82,Estimated value,Cubic meters per year,30.69,Estimated value,Percentage of land area,High Cultivation,Low Withdrawal,0.026718801
BFA,Burkina Faso,2022,0.82,Estimated value,Cubic meters per year,31.24,Estimated value,Percentage of land area,High Cultivation,Low Withdrawal,0.026248399
BDI,Burundi,2014,0.28,Estimated value,Cubic meters per year,51.42,Estimated value,Percentage of land area,High Cultivation,Low Withdrawal,0.005445352
BDI,Burundi,2015,0.28,Estimated value,Cubic meters per year,52.39,Estimated value,Percentage of land area,High Cultivation,Low Withdrawal,0.005344531
BDI,Burundi,2016,0.28,Estimated value,Cubic meters per year,53.36,Estimated value,Percentage of land area,High Cultivation,Low Withdrawal,0.005247376
BDI,Burundi,2017,0.28,Estimated value,Cubic meters per year,54.33,Estimated value,Percentage of land area,High Cultivation,Low Withdrawal,0.00515369
BDI,Burundi,2018,0.28,Estimated value,Cubic meters per year,55.3,Estimated value,Percentage of land area,High Cultivation,Low Withdrawal,0.005063291
BDI,Burundi,2019,0.28,Estimated value,Cubic meters per year,56.27,Estimated value,Percentage of land area,High Cultivation,Low Withdrawal,0.004976009
BDI,Burundi,2020,0.28,Estimated value,Cubic meters per year,57.24,Estimated value,Percentage of land area,High Cultivation,Low Withdrawal,0.004891684
BDI,Burundi,2021,0.28,Estimated value,Cubic meters per year,58.21,Estimated value,Percentage of land area,High Cultivation,Low Withdrawal,0.00481017
BDI,Burundi,2022,0.28,Estimated value,Cubic meters per year,59.06,Estimated value,Percentage of land area,High Cultivation,Low Withdrawal,0.004740941
CPV,Cabo Verde,2014,0.1,Estimated value,Cubic meters per year,13.4,Estimated value,Percentage of land area,Moderate Cultivation,Low Withdrawal,0.007462687
CPV,Cabo Verde,2015,0.11,Estimated value,Cubic meters per year,13.4,Estimated value,Percentage of land area,Moderate Cultivation,Low Withdrawal,0.008208955
CPV,Cabo Verde,2016,0.12,Estimated value,Cubic meters per year,13.4,Estimated value,Percentage of land area,Moderate Cultivation,Low Withdrawal,0.008955224
CPV,Cabo Verde,2017,0.13,Estimated value,Cubic meters per year,13.4,Estimated value,Percentage of land area,Moderate Cultivation,Low Withdrawal,0.009701493
CPV,Cabo Verde,2018,0.13,Estimated value,Cubic meters per year,13.4,Estimated value,Percentage of land area,Moderate Cultivation,Low Withdrawal,0.009701493
CPV,Cabo Verde,2019,0.15,Normal value,Cubic meters per year,13.4,Estimated value,Percentage of land area,Moderate Cultivation,Low Withdrawal,0.01119403
CPV,Cabo Verde,2020,0.21,Normal value,Cubic meters per year,13.4,Estimated value,Percentage of land area,Moderate Cultivation,Low Withdrawal,0.015671642
CPV,Cabo Verde,2021,0.17,Normal value,Cubic meters per year,13.4,Estimated value,Percentage of land area,Moderate Cultivation,Low Withdrawal,0.012686567
CPV,Cabo Verde,2022,0.18,Normal value,Cubic meters per year,13.4,Estimated value,Percentage of land area,Moderate Cultivation,Low Withdrawal,0.013432836
KHM,Cambodia,2014,2.18,Imputed value (CCSA definition),Cubic meters per year,22.61,Estimated value,Percentage of land area,Moderate Cultivation,Medium Withdrawal,0.096417514
KHM,Cambodia,2015,2.18,Imputed value (CCSA definition),Cubic meters per year,22.91,Estimated value,Percentage of land area,Moderate Cultivation,Medium Withdrawal,0.095154954
KHM,Cambodia,2016,2.18,Imputed value (CCSA definition),Cubic meters per year,23.2,Estimated value,Percentage of land area,Moderate Cultivation,Medium Withdrawal,0.093965517
KHM,Cambodia,2017,2.18,Imputed value (CCSA definition),Cubic meters per year,23.67,Estimated value,Percentage of land area,Moderate Cultivation,Medium Withdrawal,0.092099704
KHM,Cambodia,2018,2.18,Imputed value (CCSA definition),Cubic meters per year,24.07,Estimated value,Percentage of land area,Moderate Cultivation,Medium Withdrawal,0.090569173
KHM,Cambodia,2019,2.18,Imputed value (CCSA definition),Cubic meters per year,24.59,Estimated value,Percentage of land area,Moderate Cultivation,Medium Withdrawal,0.088653924
KHM,Cambodia,2020,2.18,Imputed value (CCSA definition),Cubic meters per year,25.16,Estimated value,Percentage of land area,Moderate Cultivation,Medium Withdrawal,0.086645469
KHM,Cambodia,2021,2.18,Imputed value (CCSA definition),Cubic meters per year,25.53,Estimated value,Percentage of land area,Moderate Cultivation,Medium Withdrawal,0.085389738
KHM,Cambodia,2022,2.18,Imputed value (CCSA definition),Cubic meters per year,25.49,Estimated value,Percentage of land area,Moderate Cultivation,Medium Withdrawal,0.085523735
CMR,Cameroon,2014,1.09,Estimated value,Cubic meters per year,16.3,Estimated value,Percentage of land area,Moderate Cultivation,Medium Withdrawal,0.066871166
CMR,Cameroon,2015,1.09,Estimated value,Cubic meters per year,16.3,Estimated value,Percentage of land area,Moderate Cultivation,Medium Withdrawal,0.066871166
CMR,Cameroon,2016,1.09,Estimated value,Cubic meters per year,16.3,Estimated value,Percentage of land area,Moderate Cultivation,Medium Withdrawal,0.066871166
CMR,Cameroon,2017,1.09,Estimated value,Cubic meters per year,16.3,Estimated value,Percentage of land area,Moderate Cultivation,Medium Withdrawal,0.066871166
CMR,Cameroon,2018,1.09,Estimated value,Cubic meters per year,16.3,Estimated value,Percentage of land area,Moderate Cultivation,Medium Withdrawal,0.066871166
CMR,Cameroon,2019,1.09,Estimated value,Cubic meters per year,16.3,Estimated value,Percentage of land area,Moderate Cultivation,Medium Withdrawal,0.066871166
CMR,Cameroon,2020,1.09,Estimated value,Cubic meters per year,16.3,Estimated value,Percentage of land area,Moderate Cultivation,Medium Withdrawal,0.066871166
CMR,Cameroon,2021,1.09,Estimated value,Cubic meters per year,16.3,Estimated value,Percentage of land area,Moderate Cultivation,Medium Withdrawal,0.066871166
CMR,Cameroon,2022,1.09,Estimated value,Cubic meters per year,16.3,Estimated value,Percentage of land area,Moderate Cultivation,Medium Withdrawal,0.066871166
CAN,Canada,2014,36.51,Imputed value (CCSA definition),Cubic meters per year,3.83,Estimated value,Percentage of land area,Low Cultivation,High Withdrawal,9.532637076
CAN,Canada,2015,35.73,Normal value,Cubic meters per year,3.85,Estimated value,Percentage of land area,Low Cultivation,High Withdrawal,9.280519481
CAN,Canada,2016,35.99,Estimated value,Cubic meters per year,3.88,Estimated value,Percentage of land area,Low Cultivation,High Withdrawal,9.275773196
CAN,Canada,2017,36.25,Normal value,Cubic meters per year,3.92,Estimated value,Percentage of land area,Low Cultivation,High Withdrawal,9.24744898
CAN,Canada,2018,36.25,Imputed value (CCSA definition),Cubic meters per year,3.93,Estimated value,Percentage of land area,Low Cultivation,High Withdrawal,9.223918575
CAN,Canada,2019,36.25,Imputed value (CCSA definition),Cubic meters per year,3.93,Estimated value,Percentage of land area,Low Cultivation,High Withdrawal,9.223918575
CAN,Canada,2020,36.25,Normal value,Cubic meters per year,3.89,Estimated value,Percentage of land area,Low Cultivation,High Withdrawal,9.318766067
CAN,Canada,2021,36.13,Normal value,Cubic meters per year,3.89,Estimated value,Percentage of land area,Low Cultivation,High Withdrawal,9.287917738
CAN,Canada,2022,36.13,Imputed value (CCSA definition),Cubic meters per year,3.9,Estimated value,Percentage of land area,Low Cultivation,High Withdrawal,9.264102564
CAF,Central African Republic,2014,0.07,Imputed value (CCSA definition),Cubic meters per year,3.08,Estimated value,Percentage of land area,Low Cultivation,Low Withdrawal,0.022727273
CAF,Central African Republic,2015,0.07,Imputed value (CCSA definition),Cubic meters per year,3.08,Estimated value,Percentage of land area,Low Cultivation,Low Withdrawal,0.022727273
CAF,Central African Republic,2016,0.07,Imputed value (CCSA definition),Cubic meters per year,3.08,Estimated value,Percentage of land area,Low Cultivation,Low Withdrawal,0.022727273
CAF,Central African Republic,2017,0.07,Imputed value (CCSA definition),Cubic meters per year,3.08,Estimated value,Percentage of land area,Low Cultivation,Low Withdrawal,0.022727273
CAF,Central African Republic,2018,0.07,Imputed value (CCSA definition),Cubic meters per year,3.49,Estimated value,Percentage of land area,Low Cultivation,Low Withdrawal,0.020057307
CAF,Central African Republic,2019,0.07,Imputed value (CCSA definition),Cubic meters per year,4.01,Estimated value,Percentage of land area,Low Cultivation,Low Withdrawal,0.017456359
CAF,Central African Republic,2020,0.07,Imputed value (CCSA definition),Cubic meters per year,4.16,Estimated value,Percentage of land area,Low Cultivation,Low Withdrawal,0.016826923
CAF,Central African Republic,2021,0.07,Imputed value (CCSA definition),Cubic meters per year,4.2,Estimated value,Percentage of land area,Low Cultivation,Low Withdrawal,0.016666667
CAF,Central African Republic,2022,0.07,Imputed value (CCSA definition),Cubic meters per year,4.23,Estimated value,Percentage of land area,Low Cultivation,Low Withdrawal,0.016548463
TCD,Chad,2014,0.88,Imputed value (CCSA definition),Cubic meters per year,4.08,Estimated value,Percentage of land area,Low Cultivation,Low Withdrawal,0.215686275
TCD,Chad,2015,0.88,Imputed value (CCSA definition),Cubic meters per year,4.08,Estimated value,Percentage of land area,Low Cultivation,Low Withdrawal,0.215686275
TCD,Chad,2016,0.88,Imputed value (CCSA definition),Cubic meters per year,4.16,Estimated value,Percentage of land area,Low Cultivation,Low Withdrawal,0.211538462
TCD,Chad,2017,0.88,Imputed value (CCSA definition),Cubic meters per year,4.16,Estimated value,Percentage of land area,Low Cultivation,Low Withdrawal,0.211538462
TCD,Chad,2018,0.88,Imputed value (CCSA definition),Cubic meters per year,4.16,Estimated value,Percentage of land area,Low Cultivation,Low Withdrawal,0.211538462
TCD,Chad,2019,0.88,Imputed value (CCSA definition),Cubic meters per year,4.16,Estimated value,Percentage of land area,Low Cultivation,Low Withdrawal,0.211538462
TCD,Chad,2020,0.88,Imputed value (CCSA definition),Cubic meters per year,4.16,Estimated value,Percentage of land area,Low Cultivation,Low Withdrawal,0.211538462
TCD,Chad,2021,0.88,Imputed value (CCSA definition),Cubic meters per year,4.16,Estimated value,Percentage of land area,Low Cultivation,Low Withdrawal,0.211538462
TCD,Chad,2022,0.88,Imputed value (CCSA definition),Cubic meters per year,4.16,Estimated value,Percentage of land area,Low Cultivation,Low Withdrawal,0.211538462
CHL,Chile,2014,35.37,Estimated value,Cubic meters per year,2.58,Estimated value,Percentage of land area,Low Cultivation,High Withdrawal,13.70930233
CHL,Chile,2015,35.37,Estimated value,Cubic meters per year,2.65,Estimated value,Percentage of land area,Low Cultivation,High Withdrawal,13.34716981
CHL,Chile,2016,35.37,Estimated value,Cubic meters per year,2.63,Estimated value,Percentage of land area,Low Cultivation,High Withdrawal,13.4486692
CHL,Chile,2017,35.37,Estimated value,Cubic meters per year,2.68,Estimated value,Percentage of land area,Low Cultivation,High Withdrawal,13.19776119
CHL,Chile,2018,35.37,Estimated value,Cubic meters per year,2.62,Estimated value,Percentage of land area,Low Cultivation,High Withdrawal,13.5
CHL,Chile,2019,35.37,Estimated value,Cubic meters per year,2.56,Estimated value,Percentage of land area,Low Cultivation,High Withdrawal,13.81640625
CHL,Chile,2020,35.37,Estimated value,Cubic meters per year,2.53,Estimated value,Percentage of land area,Low Cultivation,High Withdrawal,13.98023715
CHL,Chile,2021,35.37,Estimated value,Cubic meters per year,2.69,Estimated value,Percentage of land area,Low Cultivation,High Withdrawal,13.14869888
CHL,Chile,2022,35.37,Estimated value,Cubic meters per year,2.45,Estimated value,Percentage of land area,Low Cultivation,High Withdrawal,14.43673469
CHN,China,2014,593.4,Estimated value,Cubic meters per year,13.79,Estimated value,Percentage of land area,Moderate Cultivation,Very High Withdrawal,43.03118202
CHN,China,2015,591.8,Estimated value,Cubic meters per year,13.72,Estimated value,Percentage of land area,Moderate Cultivation,Very High Withdrawal,43.13411079
CHN,China,2016,604.02,Estimated value,Cubic meters per year,13.64,Estimated value,Percentage of land area,Moderate Cultivation,Very High Withdrawal,44.2829912
CHN,China,2017,596.22,Normal value,Cubic meters per year,13.56,Estimated value,Percentage of land area,Moderate Cultivation,Very High Withdrawal,43.96902655
CHN,China,2018,592.91,Normal value,Cubic meters per year,13.48,Estimated value,Percentage of land area,Moderate Cultivation,Very High Withdrawal,43.98442136
CHN,China,2019,591.67,Estimated value,Cubic meters per year,13.4,Estimated value,Percentage of land area,Moderate Cultivation,Very High Withdrawal,44.15447761
CHN,China,2020,568.48,Normal value,Cubic meters per year,13.39,Estimated value,Percentage of land area,Moderate Cultivation,Very High Withdrawal,42.45556385
CHN,China,2021,568.48,Imputed value (CCSA definition),Cubic meters per year,13.38,Estimated value,Percentage of land area,Moderate Cultivation,Very High Withdrawal,42.48729447
CHN,China,2022,568.48,Imputed value (CCSA definition),Cubic meters per year,13.37,Estimated value,Percentage of land area,Moderate Cultivation,Very High Withdrawal,42.51907255
COL,Colombia,2014,19.03,Normal value,Cubic meters per year,3.11,Estimated value,Percentage of land area,Low Cultivation,High Withdrawal,6.118971061
COL,Colombia,2015,19.75,Normal value,Cubic meters per year,3.21,Estimated value,Percentage of land area,Low Cultivation,High Withdrawal,6.152647975
COL,Colombia,2016,20.06,Normal value,Cubic meters per year,3.3,Estimated value,Percentage of land area,Low Cultivation,High Withdrawal,6.078787879
COL,Colombia,2017,21.07,Normal value,Cubic meters per year,3.4,Estimated value,Percentage of land area,Low Cultivation,High Withdrawal,6.197058824
COL,Colombia,2018,21.41,Normal value,Cubic meters per year,3.9,Estimated value,Percentage of land area,Low Cultivation,High Withdrawal,5.48974359
COL,Colombia,2019,21.86,Normal value,Cubic meters per year,4.04,Estimated value,Percentage of land area,Low Cultivation,High Withdrawal,5.410891089
COL,Colombia,2020,22.66,Normal value,Cubic meters per year,4.13,Estimated value,Percentage of land area,Low Cultivation,High Withdrawal,5.486682809
COL,Colombia,2021,23.54,Normal value,Cubic meters per year,4.2,Estimated value,Percentage of land area,Low Cultivation,High Withdrawal,5.604761905
COL,Colombia,2022,24.26,Normal value,Cubic meters per year,4.28,Estimated value,Percentage of land area,Low Cultivation,High Withdrawal,5.668224299
COM,Comoros,2014,0.01,Imputed value (CCSA definition),Cubic meters per year,63.41,Estimated value,Percentage of land area,Very High Cultivation,Low Withdrawal,0.000157704
COM,Comoros,2015,0.01,Imputed value (CCSA definition),Cubic meters per year,63.41,Estimated value,Percentage of land area,Very High Cultivation,Low Withdrawal,0.000157704
COM,Comoros,2016,0.01,Imputed value (CCSA definition),Cubic meters per year,63.41,Estimated value,Percentage of land area,Very High Cultivation,Low Withdrawal,0.000157704
COM,Comoros,2017,0.01,Imputed value (CCSA definition),Cubic meters per year,63.41,Estimated value,Percentage of land area,Very High Cultivation,Low Withdrawal,0.000157704
COM,Comoros,2018,0.01,Imputed value (CCSA definition),Cubic meters per year,63.41,Estimated value,Percentage of land area,Very High Cultivation,Low Withdrawal,0.000157704
COM,Comoros,2019,0.01,Imputed value (CCSA definition),Cubic meters per year,63.41,Estimated value,Percentage of land area,Very High Cultivation,Low Withdrawal,0.000157704
COM,Comoros,2020,0.01,Imputed value (CCSA definition),Cubic meters per year,63.41,Estimated value,Percentage of land area,Very High Cultivation,Low Withdrawal,0.000157704
COM,Comoros,2021,0.01,Imputed value (CCSA definition),Cubic meters per year,63.41,Estimated value,Percentage of land area,Very High Cultivation,Low Withdrawal,0.000157704
COM,Comoros,2022,0.01,Imputed value (CCSA definition),Cubic meters per year,63.41,Estimated value,Percentage of land area,Very High Cultivation,Low Withdrawal,0.000157704
COD,"Congo, Dem. Rep.",2014,0.68,Imputed value (CCSA definition),Cubic meters per year,5.99,Estimated value,Percentage of land area,Low Cultivation,Low Withdrawal,0.113522538
COD,"Congo, Dem. Rep.",2015,0.68,Imputed value (CCSA definition),Cubic meters per year,6.08,Estimated value,Percentage of land area,Low Cultivation,Low Withdrawal,0.111842105
COD,"Congo, Dem. Rep.",2016,0.68,Imputed value (CCSA definition),Cubic meters per year,6.17,Estimated value,Percentage of land area,Low Cultivation,Low Withdrawal,0.110210697
COD,"Congo, Dem. Rep.",2017,0.68,Imputed value (CCSA definition),Cubic meters per year,6.45,Estimated value,Percentage of land area,Low Cultivation,Low Withdrawal,0.105426357
COD,"Congo, Dem. Rep.",2018,0.68,Imputed value (CCSA definition),Cubic meters per year,6.56,Estimated value,Percentage of land area,Low Cultivation,Low Withdrawal,0.103658537
COD,"Congo, Dem. Rep.",2019,0.68,Imputed value (CCSA definition),Cubic meters per year,6.67,Estimated value,Percentage of land area,Low Cultivation,Low Withdrawal,0.101949025
COD,"Congo, Dem. Rep.",2020,0.68,Imputed value (CCSA definition),Cubic meters per year,6.69,Estimated value,Percentage of land area,Low Cultivation,Low Withdrawal,0.101644245
COD,"Congo, Dem. Rep.",2021,0.68,Imputed value (CCSA definition),Cubic meters per year,6.87,Estimated value,Percentage of land area,Low Cultivation,Low Withdrawal,0.098981077
COD,"Congo, Dem. Rep.",2022,0.68,Imputed value (CCSA definition),Cubic meters per year,7.24,Estimated value,Percentage of land area,Low Cultivation,Low Withdrawal,0.093922652
COG,"Congo, Rep.",2014,0.05,Imputed value (CCSA definition),Cubic meters per year,1.85,Estimated value,Percentage of land area,Low Cultivation,Low Withdrawal,0.027027027
COG,"Congo, Rep.",2015,0.05,Imputed value (CCSA definition),Cubic meters per year,1.82,Estimated value,Percentage of land area,Low Cultivation,Low Withdrawal,0.027472527
COG,"Congo, Rep.",2016,0.05,Imputed value (CCSA definition),Cubic meters per year,1.83,Estimated value,Percentage of land area,Low Cultivation,Low Withdrawal,0.027322404
COG,"Congo, Rep.",2017,0.05,Imputed value (CCSA definition),Cubic meters per year,1.83,Estimated value,Percentage of land area,Low Cultivation,Low Withdrawal,0.027322404
COG,"Congo, Rep.",2018,0.05,Imputed value (CCSA definition),Cubic meters per year,1.85,Estimated value,Percentage of land area,Low Cultivation,Low Withdrawal,0.027027027
COG,"Congo, Rep.",2019,0.05,Imputed value (CCSA definition),Cubic meters per year,1.85,Estimated value,Percentage of land area,Low Cultivation,Low Withdrawal,0.027027027
COG,"Congo, Rep.",2020,0.05,Imputed value (CCSA definition),Cubic meters per year,1.87,Estimated value,Percentage of land area,Low Cultivation,Low Withdrawal,0.026737968
COG,"Congo, Rep.",2021,0.05,Imputed value (CCSA definition),Cubic meters per year,1.97,Estimated value,Percentage of land area,Low Cultivation,Low Withdrawal,0.025380711
COG,"Congo, Rep.",2022,0.05,Imputed value (CCSA definition),Cubic meters per year,2.01,Estimated value,Percentage of land area,Low Cultivation,Low Withdrawal,0.024875622
CRI,Costa Rica,2014,2.74,Normal value,Cubic meters per year,10.78,Estimated value,Percentage of land area,Moderate Cultivation,Medium Withdrawal,0.254174397
CRI,Costa Rica,2015,3.19,Normal value,Cubic meters per year,10.77,Estimated value,Percentage of land area,Moderate Cultivation,Medium Withdrawal,0.296193129
CRI,Costa Rica,2016,2.92,Normal value,Cubic meters per year,10.9,Estimated value,Percentage of land area,Moderate Cultivation,Medium Withdrawal,0.267889908
CRI,Costa Rica,2017,2.44,Normal value,Cubic meters per year,10.68,Estimated value,Percentage of land area,Moderate Cultivation,Medium Withdrawal,0.228464419
CRI,Costa Rica,2018,3.05,Normal value,Cubic meters per year,10.49,Estimated value,Percentage of land area,Moderate Cultivation,Medium Withdrawal,0.290753098
CRI,Costa Rica,2019,3.14,Normal value,Cubic meters per year,10.38,Estimated value,Percentage of land area,Moderate Cultivation,Medium Withdrawal,0.302504817
CRI,Costa Rica,2020,3.14,Normal value,Cubic meters per year,10.29,Estimated value,Percentage of land area,Moderate Cultivation,Medium Withdrawal,0.305150632
CRI,Costa Rica,2021,3.45,Normal value,Cubic meters per year,10.31,Estimated value,Percentage of land area,Moderate Cultivation,Medium Withdrawal,0.334626576
CRI,Costa Rica,2022,3.45,Imputed value (CCSA definition),Cubic meters per year,10.23,Estimated value,Percentage of land area,Moderate Cultivation,Medium Withdrawal,0.337243402
CIV,Cote d'Ivoire,2014,1.16,Estimated value,Cubic meters per year,30.65,Estimated value,Percentage of land area,High Cultivation,Medium Withdrawal,0.037846656
CIV,Cote d'Ivoire,2015,1.16,Imputed value (CCSA definition),Cubic meters per year,34.94,Estimated value,Percentage of land area,High Cultivation,Medium Withdrawal,0.033199771
CIV,Cote d'Ivoire,2016,1.16,Imputed value (CCSA definition),Cubic meters per year,33.45,Estimated value,Percentage of land area,High Cultivation,Medium Withdrawal,0.034678625
CIV,Cote d'Ivoire,2017,1.16,Imputed value (CCSA definition),Cubic meters per year,35.69,Estimated value,Percentage of land area,High Cultivation,Medium Withdrawal,0.032502101
CIV,Cote d'Ivoire,2018,1.16,Imputed value (CCSA definition),Cubic meters per year,39.28,Estimated value,Percentage of land area,High Cultivation,Medium Withdrawal,0.029531568
CIV,Cote d'Ivoire,2019,1.16,Imputed value (CCSA definition),Cubic meters per year,39.46,Estimated value,Percentage of land area,High Cultivation,Medium Withdrawal,0.029396858
CIV,Cote d'Ivoire,2020,1.16,Imputed value (CCSA definition),Cubic meters per year,40.55,Estimated value,Percentage of land area,High Cultivation,Medium Withdrawal,0.028606658
CIV,Cote d'Ivoire,2021,1.16,Imputed value (CCSA definition),Cubic meters per year,42.29,Estimated value,Percentage of land area,High Cultivation,Medium Withdrawal,0.027429652
CIV,Cote d'Ivoire,2022,1.16,Imputed value (CCSA definition),Cubic meters per year,42.06,Estimated value,Percentage of land area,High Cultivation,Medium Withdrawal,0.027579648
HRV,Croatia,2014,0.58,Normal value,Cubic meters per year,15.74,Estimated value,Percentage of land area,Moderate Cultivation,Low Withdrawal,0.036848793
HRV,Croatia,2015,0.62,Normal value,Cubic meters per year,16.24,Estimated value,Percentage of land area,Moderate Cultivation,Low Withdrawal,0.03817734
HRV,Croatia,2016,0.64,Normal value,Cubic meters per year,16.72,Estimated value,Percentage of land area,Moderate Cultivation,Low Withdrawal,0.038277512
HRV,Croatia,2017,0.68,Normal value,Cubic meters per year,15.71,Estimated value,Percentage of land area,Moderate Cultivation,Low Withdrawal,0.043284532
HRV,Croatia,2018,0.67,Normal value,Cubic meters per year,15.48,Estimated value,Percentage of land area,Moderate Cultivation,Low Withdrawal,0.043281654
HRV,Croatia,2019,0.67,Normal value,Cubic meters per year,15.85,Estimated value,Percentage of land area,Moderate Cultivation,Low Withdrawal,0.042271293
HRV,Croatia,2020,0.66,Normal value,Cubic meters per year,17.11,Estimated value,Percentage of land area,Moderate Cultivation,Low Withdrawal,0.038573933
HRV,Croatia,2021,0.66,Normal value,Cubic meters per year,16.54,Estimated value,Percentage of land area,Moderate Cultivation,Low Withdrawal,0.039903265
HRV,Croatia,2022,0.68,Estimated value,Cubic meters per year,16.47,Estimated value,Percentage of land area,Moderate Cultivation,Low Withdrawal,0.041287189
CUB,Cuba,2014,6.96,Imputed value (CCSA definition),Cubic meters per year,31.99,Estimated value,Percentage of land area,High Cultivation,Medium Withdrawal,0.21756799
CUB,Cuba,2015,6.96,Imputed value (CCSA definition),Cubic meters per year,32.01,Estimated value,Percentage of land area,High Cultivation,Medium Withdrawal,0.217432052
CUB,Cuba,2016,6.96,Imputed value (CCSA definition),Cubic meters per year,31.6,Estimated value,Percentage of land area,High Cultivation,Medium Withdrawal,0.220253165
CUB,Cuba,2017,6.96,Imputed value (CCSA definition),Cubic meters per year,32.41,Estimated value,Percentage of land area,High Cultivation,Medium Withdrawal,0.214748534
CUB,Cuba,2018,6.96,Imputed value (CCSA definition),Cubic meters per year,32.41,Estimated value,Percentage of land area,High Cultivation,Medium Withdrawal,0.214748534
CUB,Cuba,2019,6.96,Imputed value (CCSA definition),Cubic meters per year,32.41,Estimated value,Percentage of land area,High Cultivation,Medium Withdrawal,0.214748534
CUB,Cuba,2020,6.96,Imputed value (CCSA definition),Cubic meters per year,32.41,Estimated value,Percentage of land area,High Cultivation,Medium Withdrawal,0.214748534
CUB,Cuba,2021,6.96,Imputed value (CCSA definition),Cubic meters per year,32.41,Estimated value,Percentage of land area,High Cultivation,Medium Withdrawal,0.214748534
CUB,Cuba,2022,6.96,Imputed value (CCSA definition),Cubic meters per year,32.41,Estimated value,Percentage of land area,High Cultivation,Medium Withdrawal,0.214748534
CYP,Cyprus,2014,0.22,Estimated value,Cubic meters per year,11.59,Estimated value,Percentage of land area,Moderate Cultivation,Low Withdrawal,0.018981881
CYP,Cyprus,2015,0.23,Estimated value,Cubic meters per year,13.49,Estimated value,Percentage of land area,Moderate Cultivation,Low Withdrawal,0.017049666
CYP,Cyprus,2016,0.22,Normal value,Cubic meters per year,11.68,Estimated value,Percentage of land area,Moderate Cultivation,Low Withdrawal,0.018835616
CYP,Cyprus,2017,0.22,Normal value,Cubic meters per year,12.95,Estimated value,Percentage of land area,Moderate Cultivation,Low Withdrawal,0.016988417
CYP,Cyprus,2018,0.21,Normal value,Cubic meters per year,14.15,Estimated value,Percentage of land area,Moderate Cultivation,Low Withdrawal,0.014840989
CYP,Cyprus,2019,0.2,Normal value,Cubic meters per year,13.38,Estimated value,Percentage of land area,Moderate Cultivation,Low Withdrawal,0.014947683
CYP,Cyprus,2020,0.23,Normal value,Cubic meters per year,13.56,Estimated value,Percentage of land area,Moderate Cultivation,Low Withdrawal,0.016961652
CYP,Cyprus,2021,0.24,Normal value,Cubic meters per year,12.91,Estimated value,Percentage of land area,Moderate Cultivation,Low Withdrawal,0.01859024
CYP,Cyprus,2022,0.22,Normal value,Cubic meters per year,13.06,Estimated value,Percentage of land area,Moderate Cultivation,Low Withdrawal,0.016845329
CZE,Czechia,2014,1.65,Estimated value,Cubic meters per year,32.14,Estimated value,Percentage of land area,High Cultivation,Medium Withdrawal,0.051337897
CZE,Czechia,2015,1.6,Estimated value,Cubic meters per year,32.15,Estimated value,Percentage of land area,High Cultivation,Medium Withdrawal,0.049766719
CZE,Czechia,2016,1.63,Estimated value,Cubic meters per year,32.19,Estimated value,Percentage of land area,High Cultivation,Medium Withdrawal,0.050636844
CZE,Czechia,2017,1.63,Normal value,Cubic meters per year,32.24,Estimated value,Percentage of land area,High Cultivation,Medium Withdrawal,0.050558313
CZE,Czechia,2018,1.59,Normal value,Cubic meters per year,32.11,Estimated value,Percentage of land area,High Cultivation,Medium Withdrawal,0.049517284
CZE,Czechia,2019,1.51,Normal value,Cubic meters per year,32.1,Estimated value,Percentage of land area,High Cultivation,Medium Withdrawal,0.047040498
CZE,Czechia,2020,1.37,Normal value,Cubic meters per year,32.13,Estimated value,Percentage of land area,High Cultivation,Medium Withdrawal,0.042639278
CZE,Czechia,2021,1.35,Normal value,Cubic meters per year,32.01,Estimated value,Percentage of land area,High Cultivation,Medium Withdrawal,0.042174321
CZE,Czechia,2022,1.44,Estimated value,Cubic meters per year,32.05,Estimated value,Percentage of land area,High Cultivation,Medium Withdrawal,0.044929797
DNK,Denmark,2014,0.99,Figure from international organizations,Cubic meters per year,57.31,Estimated value,Percentage of land area,High Cultivation,Low Withdrawal,0.017274472
DNK,Denmark,2015,0.81,Normal value,Cubic meters per year,55.43,Estimated value,Percentage of land area,High Cultivation,Low Withdrawal,0.014613025
DNK,Denmark,2016,0.89,Normal value,Cubic meters per year,55.91,Estimated value,Percentage of land area,High Cultivation,Low Withdrawal,0.01591844
DNK,Denmark,2017,0.9,Normal value,Cubic meters per year,55.84,Estimated value,Percentage of land area,High Cultivation,Low Withdrawal,0.016117479
DNK,Denmark,2018,1.11,Normal value,Cubic meters per year,56.38,Estimated value,Percentage of land area,High Cultivation,Medium Withdrawal,0.019687833
DNK,Denmark,2019,0.95,Normal value,Cubic meters per year,56.37,Estimated value,Percentage of land area,High Cultivation,Low Withdrawal,0.016852936
DNK,Denmark,2020,0.95,Normal value,Cubic meters per year,55.86,Estimated value,Percentage of land area,High Cultivation,Low Withdrawal,0.017006803
DNK,Denmark,2021,0.96,Normal value,Cubic meters per year,55.55,Estimated value,Percentage of land area,High Cultivation,Low Withdrawal,0.017281728
DNK,Denmark,2022,0.93,Normal value,Cubic meters per year,55.71,Estimated value,Percentage of land area,High Cultivation,Low Withdrawal,0.016693592
DJI,Djibouti,2014,0.02,Imputed value (CCSA definition),Cubic meters per year,0.12,Estimated value,Percentage of land area,Low Cultivation,Low Withdrawal,0.166666667
DJI,Djibouti,2015,0.02,Imputed value (CCSA definition),Cubic meters per year,0.12,Estimated value,Percentage of land area,Low Cultivation,Low Withdrawal,0.166666667
DJI,Djibouti,2016,0.02,Imputed value (CCSA definition),Cubic meters per year,0.12,Estimated value,Percentage of land area,Low Cultivation,Low Withdrawal,0.166666667
DJI,Djibouti,2017,0.02,Imputed value (CCSA definition),Cubic meters per year,0.12,Estimated value,Percentage of land area,Low Cultivation,Low Withdrawal,0.166666667
DJI,Djibouti,2018,0.02,Imputed value (CCSA definition),Cubic meters per year,0.12,Estimated value,Percentage of land area,Low Cultivation,Low Withdrawal,0.166666667
DJI,Djibouti,2019,0.02,Imputed value (CCSA definition),Cubic meters per year,0.12,Estimated value,Percentage of land area,Low Cultivation,Low Withdrawal,0.166666667
DJI,Djibouti,2020,0.02,Imputed value (CCSA definition),Cubic meters per year,0.17,Estimated value,Percentage of land area,Low Cultivation,Low Withdrawal,0.117647059
DJI,Djibouti,2021,0.02,Imputed value (CCSA definition),Cubic meters per year,0.17,Estimated value,Percentage of land area,Low Cultivation,Low Withdrawal,0.117647059
DJI,Djibouti,2022,0.02,Imputed value (CCSA definition),Cubic meters per year,0.17,Estimated value,Percentage of land area,Low Cultivation,Low Withdrawal,0.117647059
DMA,Dominica,2014,0.02,Imputed value (CCSA definition),Cubic meters per year,30.67,Estimated value,Percentage of land area,High Cultivation,Low Withdrawal,0.000652103
DMA,Dominica,2015,0.02,Imputed value (CCSA definition),Cubic meters per year,30.67,Estimated value,Percentage of land area,High Cultivation,Low Withdrawal,0.000652103
DMA,Dominica,2016,0.02,Imputed value (CCSA definition),Cubic meters per year,30.67,Estimated value,Percentage of land area,High Cultivation,Low Withdrawal,0.000652103
DMA,Dominica,2017,0.02,Imputed value (CCSA definition),Cubic meters per year,30.67,Estimated value,Percentage of land area,High Cultivation,Low Withdrawal,0.000652103
DMA,Dominica,2018,0.02,Imputed value (CCSA definition),Cubic meters per year,30.67,Estimated value,Percentage of land area,High Cultivation,Low Withdrawal,0.000652103
DMA,Dominica,2019,0.02,Imputed value (CCSA definition),Cubic meters per year,30.67,Estimated value,Percentage of land area,High Cultivation,Low Withdrawal,0.000652103
DMA,Dominica,2020,0.02,Imputed value (CCSA definition),Cubic meters per year,30.67,Estimated value,Percentage of land area,High Cultivation,Low Withdrawal,0.000652103
DMA,Dominica,2021,0.02,Imputed value (CCSA definition),Cubic meters per year,30.67,Estimated value,Percentage of land area,High Cultivation,Low Withdrawal,0.000652103
DMA,Dominica,2022,0.02,Imputed value (CCSA definition),Cubic meters per year,30.67,Estimated value,Percentage of land area,High Cultivation,Low Withdrawal,0.000652103
DOM,Dominican Republic,2014,7.14,Estimated value,Cubic meters per year,23.73,Estimated value,Percentage of land area,Moderate Cultivation,Medium Withdrawal,0.300884956
DOM,Dominican Republic,2015,7.14,Estimated value,Cubic meters per year,25.31,Estimated value,Percentage of land area,Moderate Cultivation,Medium Withdrawal,0.282101936
DOM,Dominican Republic,2016,7.14,Estimated value,Cubic meters per year,25.31,Estimated value,Percentage of land area,Moderate Cultivation,Medium Withdrawal,0.282101936
DOM,Dominican Republic,2017,7.14,Estimated value,Cubic meters per year,25.31,Estimated value,Percentage of land area,Moderate Cultivation,Medium Withdrawal,0.282101936
DOM,Dominican Republic,2018,7.14,Estimated value,Cubic meters per year,25.31,Estimated value,Percentage of land area,Moderate Cultivation,Medium Withdrawal,0.282101936
DOM,Dominican Republic,2019,7.14,Estimated value,Cubic meters per year,25.21,Estimated value,Percentage of land area,Moderate Cultivation,Medium Withdrawal,0.283220944
DOM,Dominican Republic,2020,7.14,Estimated value,Cubic meters per year,25.21,Estimated value,Percentage of land area,Moderate Cultivation,Medium Withdrawal,0.283220944
DOM,Dominican Republic,2021,7.14,Estimated value,Cubic meters per year,25.21,Estimated value,Percentage of land area,Moderate Cultivation,Medium Withdrawal,0.283220944
DOM,Dominican Republic,2022,7.14,Estimated value,Cubic meters per year,25.21,Estimated value,Percentage of land area,Moderate Cultivation,Medium Withdrawal,0.283220944
ECU,Ecuador,2014,9.92,Imputed value (CCSA definition),Cubic meters per year,9.31,Estimated value,Percentage of land area,Low Cultivation,Medium Withdrawal,1.065520945
ECU,Ecuador,2015,9.92,Imputed value (CCSA definition),Cubic meters per year,9.95,Estimated value,Percentage of land area,Low Cultivation,Medium Withdrawal,0.996984925
ECU,Ecuador,2016,9.92,Imputed value (CCSA definition),Cubic meters per year,9.42,Estimated value,Percentage of land area,Low Cultivation,Medium Withdrawal,1.053078556
ECU,Ecuador,2017,9.92,Imputed value (CCSA definition),Cubic meters per year,9.61,Estimated value,Percentage of land area,Low Cultivation,Medium Withdrawal,1.032258065
ECU,Ecuador,2018,9.92,Imputed value (CCSA definition),Cubic meters per year,9.18,Estimated value,Percentage of land area,Low Cultivation,Medium Withdrawal,1.080610022
ECU,Ecuador,2019,9.92,Imputed value (CCSA definition),Cubic meters per year,9.47,Estimated value,Percentage of land area,Low Cultivation,Medium Withdrawal,1.047518479
ECU,Ecuador,2020,9.92,Imputed value (CCSA definition),Cubic meters per year,9.68,Estimated value,Percentage of land area,Low Cultivation,Medium Withdrawal,1.024793388
ECU,Ecuador,2021,9.92,Imputed value (CCSA definition),Cubic meters per year,9.55,Estimated value,Percentage of land area,Low Cultivation,Medium Withdrawal,1.038743455
ECU,Ecuador,2022,9.92,Imputed value (CCSA definition),Cubic meters per year,9.13,Estimated value,Percentage of land area,Low Cultivation,Medium Withdrawal,1.08652793
EGY,"Egypt, Arab Rep.",2014,60.7,Estimated value,Cubic meters per year,3.71,Estimated value,Percentage of land area,Low Cultivation,Very High Withdrawal,16.36118598
EGY,"Egypt, Arab Rep.",2015,60.9,Estimated value,Cubic meters per year,3.78,Estimated value,Percentage of land area,Low Cultivation,Very High Withdrawal,16.11111111
EGY,"Egypt, Arab Rep.",2016,60.65,Estimated value,Cubic meters per year,3.73,Estimated value,Percentage of land area,Low Cultivation,Very High Withdrawal,16.26005362
EGY,"Egypt, Arab Rep.",2017,77.5,Estimated value,Cubic meters per year,3.83,Estimated value,Percentage of land area,Low Cultivation,Very High Withdrawal,20.23498695
EGY,"Egypt, Arab Rep.",2018,77.5,Estimated value,Cubic meters per year,3.86,Estimated value,Percentage of land area,Low Cultivation,Very High Withdrawal,20.07772021
EGY,"Egypt, Arab Rep.",2019,77.5,Estimated value,Cubic meters per year,3.92,Estimated value,Percentage of land area,Low Cultivation,Very High Withdrawal,19.77040816
EGY,"Egypt, Arab Rep.",2020,77.5,Estimated value,Cubic meters per year,3.97,Estimated value,Percentage of land area,Low Cultivation,Very High Withdrawal,19.52141058
EGY,"Egypt, Arab Rep.",2021,77.5,Estimated value,Cubic meters per year,4.03,Estimated value,Percentage of land area,Low Cultivation,Very High Withdrawal,19.23076923
EGY,"Egypt, Arab Rep.",2022,77.5,Estimated value,Cubic meters per year,4.05,Estimated value,Percentage of land area,Low Cultivation,Very High Withdrawal,19.13580247
SLV,El Salvador,2014,2.02,Imputed value (CCSA definition),Cubic meters per year,41.66,Estimated value,Percentage of land area,High Cultivation,Medium Withdrawal,0.048487758
SLV,El Salvador,2015,2.01,Imputed value (CCSA definition),Cubic meters per year,41.73,Estimated value,Percentage of land area,High Cultivation,Medium Withdrawal,0.048166786
SLV,El Salvador,2016,2,Imputed value (CCSA definition),Cubic meters per year,41.79,Estimated value,Percentage of land area,High Cultivation,Medium Withdrawal,0.047858339
SLV,El Salvador,2017,1.99,Imputed value (CCSA definition),Cubic meters per year,41.85,Estimated value,Percentage of land area,High Cultivation,Medium Withdrawal,0.047550777
SLV,El Salvador,2018,1.98,Imputed value (CCSA definition),Cubic meters per year,41.87,Estimated value,Percentage of land area,High Cultivation,Medium Withdrawal,0.047289229
SLV,El Salvador,2019,1.97,Imputed value (CCSA definition),Cubic meters per year,41.87,Estimated value,Percentage of land area,High Cultivation,Medium Withdrawal,0.047050394
SLV,El Salvador,2020,1.96,Imputed value (CCSA definition),Cubic meters per year,41.87,Estimated value,Percentage of land area,High Cultivation,Medium Withdrawal,0.04681156
SLV,El Salvador,2021,1.95,Imputed value (CCSA definition),Cubic meters per year,41.87,Estimated value,Percentage of land area,High Cultivation,Medium Withdrawal,0.046572725
SLV,El Salvador,2022,1.94,Normal value,Cubic meters per year,41.87,Estimated value,Percentage of land area,High Cultivation,Medium Withdrawal,0.046333891
GNQ,Equatorial Guinea,2014,0.02,Estimated value,Cubic meters per year,3.57,Estimated value,Percentage of land area,Low Cultivation,Low Withdrawal,0.005602241
GNQ,Equatorial Guinea,2015,0.02,Estimated value,Cubic meters per year,3.57,Estimated value,Percentage of land area,Low Cultivation,Low Withdrawal,0.005602241
GNQ,Equatorial Guinea,2016,0.02,Estimated value,Cubic meters per year,3.57,Estimated value,Percentage of land area,Low Cultivation,Low Withdrawal,0.005602241
GNQ,Equatorial Guinea,2017,0.02,Estimated value,Cubic meters per year,3.57,Estimated value,Percentage of land area,Low Cultivation,Low Withdrawal,0.005602241
GNQ,Equatorial Guinea,2018,0.02,Estimated value,Cubic meters per year,3.57,Estimated value,Percentage of land area,Low Cultivation,Low Withdrawal,0.005602241
GNQ,Equatorial Guinea,2019,0.02,Estimated value,Cubic meters per year,3.57,Estimated value,Percentage of land area,Low Cultivation,Low Withdrawal,0.005602241
GNQ,Equatorial Guinea,2020,0.02,Estimated value,Cubic meters per year,3.57,Estimated value,Percentage of land area,Low Cultivation,Low Withdrawal,0.005602241
GNQ,Equatorial Guinea,2021,0.02,Estimated value,Cubic meters per year,3.57,Estimated value,Percentage of land area,Low Cultivation,Low Withdrawal,0.005602241
GNQ,Equatorial Guinea,2022,0.02,Estimated value,Cubic meters per year,3.57,Estimated value,Percentage of land area,Low Cultivation,Low Withdrawal,0.005602241
ERI,Eritrea,2014,0.58,Imputed value (CCSA definition),Cubic meters per year,5.88,Estimated value,Percentage of land area,Low Cultivation,Low Withdrawal,0.098639456
ERI,Eritrea,2015,0.58,Imputed value (CCSA definition),Cubic meters per year,5.88,Estimated value,Percentage of land area,Low Cultivation,Low Withdrawal,0.098639456
ERI,Eritrea,2016,0.58,Imputed value (CCSA definition),Cubic meters per year,5.88,Estimated value,Percentage of land area,Low Cultivation,Low Withdrawal,0.098639456
ERI,Eritrea,2017,0.58,Imputed value (CCSA definition),Cubic meters per year,5.69,Estimated value,Percentage of land area,Low Cultivation,Low Withdrawal,0.101933216
ERI,Eritrea,2018,0.58,Imputed value (CCSA definition),Cubic meters per year,5.69,Estimated value,Percentage of land area,Low Cultivation,Low Withdrawal,0.101933216
ERI,Eritrea,2019,0.58,Imputed value (CCSA definition),Cubic meters per year,5.69,Estimated value,Percentage of land area,Low Cultivation,Low Withdrawal,0.101933216
ERI,Eritrea,2020,0.58,Imputed value (CCSA definition),Cubic meters per year,5.69,Estimated value,Percentage of land area,Low Cultivation,Low Withdrawal,0.101933216
ERI,Eritrea,2021,0.58,Imputed value (CCSA definition),Cubic meters per year,5.69,Estimated value,Percentage of land area,Low Cultivation,Low Withdrawal,0.101933216
ERI,Eritrea,2022,0.58,Imputed value (CCSA definition),Cubic meters per year,5.69,Estimated value,Percentage of land area,Low Cultivation,Low Withdrawal,0.101933216
EST,Estonia,2014,1.72,Normal value,Cubic meters per year,14.49,Estimated value,Percentage of land area,Moderate Cultivation,Medium Withdrawal,0.118702553
EST,Estonia,2015,1.62,Normal value,Cubic meters per year,14.95,Estimated value,Percentage of land area,Moderate Cultivation,Medium Withdrawal,0.108361204
EST,Estonia,2016,1.75,Estimated value,Cubic meters per year,15.42,Estimated value,Percentage of land area,Moderate Cultivation,Medium Withdrawal,0.113488975
EST,Estonia,2017,1.78,Normal value,Cubic meters per year,15.13,Estimated value,Percentage of land area,Moderate Cultivation,Medium Withdrawal,0.117647059
EST,Estonia,2018,1.61,Normal value,Cubic meters per year,15.22,Estimated value,Percentage of land area,Moderate Cultivation,Medium Withdrawal,0.105781866
EST,Estonia,2019,1.01,Normal value,Cubic meters per year,15.37,Estimated value,Percentage of land area,Moderate Cultivation,Medium Withdrawal,0.065712427
EST,Estonia,2020,0.85,Normal value,Cubic meters per year,15.42,Estimated value,Percentage of land area,Moderate Cultivation,Low Withdrawal,0.055123217
EST,Estonia,2021,1,Normal value,Cubic meters per year,15.55,Estimated value,Percentage of land area,Moderate Cultivation,Low Withdrawal,0.064308682
EST,Estonia,2022,1.21,Normal value,Cubic meters per year,15.7,Estimated value,Percentage of land area,Moderate Cultivation,Medium Withdrawal,0.077070064
SWZ,Eswatini,2014,1.07,Estimated value,Cubic meters per year,11.18,Estimated value,Percentage of land area,Moderate Cultivation,Medium Withdrawal,0.095706619
SWZ,Eswatini,2015,1.07,Estimated value,Cubic meters per year,11.18,Estimated value,Percentage of land area,Moderate Cultivation,Medium Withdrawal,0.095706619
SWZ,Eswatini,2016,1.07,Estimated value,Cubic meters per year,11.18,Estimated value,Percentage of land area,Moderate Cultivation,Medium Withdrawal,0.095706619
SWZ,Eswatini,2017,1.07,Estimated value,Cubic meters per year,11.18,Estimated value,Percentage of land area,Moderate Cultivation,Medium Withdrawal,0.095706619
SWZ,Eswatini,2018,1.07,Estimated value,Cubic meters per year,11.23,Estimated value,Percentage of land area,Moderate Cultivation,Medium Withdrawal,0.095280499
SWZ,Eswatini,2019,1.07,Estimated value,Cubic meters per year,11.23,Estimated value,Percentage of land area,Moderate Cultivation,Medium Withdrawal,0.095280499
SWZ,Eswatini,2020,1.07,Estimated value,Cubic meters per year,11.23,Estimated value,Percentage of land area,Moderate Cultivation,Medium Withdrawal,0.095280499
SWZ,Eswatini,2021,1.07,Estimated value,Cubic meters per year,11.23,Estimated value,Percentage of land area,Moderate Cultivation,Medium Withdrawal,0.095280499
SWZ,Eswatini,2022,1.07,Estimated value,Cubic meters per year,11.23,Estimated value,Percentage of land area,Moderate Cultivation,Medium Withdrawal,0.095280499
ETH,Ethiopia,2014,10.06,Estimated value,Cubic meters per year,15.35,Estimated value,Percentage of land area,Moderate Cultivation,High Withdrawal,0.655374593
ETH,Ethiopia,2015,10.3,Estimated value,Cubic meters per year,15.58,Estimated value,Percentage of land area,Moderate Cultivation,High Withdrawal,0.661103979
ETH,Ethiopia,2016,10.55,Estimated value,Cubic meters per year,15.72,Estimated value,Percentage of land area,Moderate Cultivation,High Withdrawal,0.671119593
ETH,Ethiopia,2017,10.55,Estimated value,Cubic meters per year,15.44,Estimated value,Percentage of land area,Moderate Cultivation,High Withdrawal,0.683290155
ETH,Ethiopia,2018,10.55,Estimated value,Cubic meters per year,15.76,Estimated value,Percentage of land area,Moderate Cultivation,High Withdrawal,0.669416244
ETH,Ethiopia,2019,10.55,Estimated value,Cubic meters per year,16.01,Estimated value,Percentage of land area,Moderate Cultivation,High Withdrawal,0.658963148
ETH,Ethiopia,2020,10.55,Estimated value,Cubic meters per year,16.26,Estimated value,Percentage of land area,Moderate Cultivation,High Withdrawal,0.648831488
ETH,Ethiopia,2021,10.55,Estimated value,Cubic meters per year,16.52,Estimated value,Percentage of land area,Moderate Cultivation,High Withdrawal,0.638619855
ETH,Ethiopia,2022,10.55,Estimated value,Cubic meters per year,16.24,Estimated value,Percentage of land area,Moderate Cultivation,High Withdrawal,0.649630542
FJI,Fiji,2014,0.08,Imputed value (CCSA definition),Cubic meters per year,7.84,Estimated value,Percentage of land area,Low Cultivation,Low Withdrawal,0.010204082
FJI,Fiji,2015,0.08,Imputed value (CCSA definition),Cubic meters per year,7.81,Estimated value,Percentage of land area,Low Cultivation,Low Withdrawal,0.010243278
FJI,Fiji,2016,0.08,Imputed value (CCSA definition),Cubic meters per year,7.77,Estimated value,Percentage of land area,Low Cultivation,Low Withdrawal,0.01029601
FJI,Fiji,2017,0.08,Imputed value (CCSA definition),Cubic meters per year,7.73,Estimated value,Percentage of land area,Low Cultivation,Low Withdrawal,0.010349288
FJI,Fiji,2018,0.08,Imputed value (CCSA definition),Cubic meters per year,7.69,Estimated value,Percentage of land area,Low Cultivation,Low Withdrawal,0.010403121
FJI,Fiji,2019,0.08,Imputed value (CCSA definition),Cubic meters per year,7.65,Estimated value,Percentage of land area,Low Cultivation,Low Withdrawal,0.010457516
FJI,Fiji,2020,0.08,Imputed value (CCSA definition),Cubic meters per year,7.59,Estimated value,Percentage of land area,Low Cultivation,Low Withdrawal,0.010540184
FJI,Fiji,2021,0.08,Imputed value (CCSA definition),Cubic meters per year,7.59,Estimated value,Percentage of land area,Low Cultivation,Low Withdrawal,0.010540184
FJI,Fiji,2022,0.08,Imputed value (CCSA definition),Cubic meters per year,7.59,Estimated value,Percentage of land area,Low Cultivation,Low Withdrawal,0.010540184
FIN,Finland,2014,3.15,Imputed value (CCSA definition),Cubic meters per year,6.6,Estimated value,Percentage of land area,Low Cultivation,Medium Withdrawal,0.477272727
FIN,Finland,2015,2.73,Imputed value (CCSA definition),Cubic meters per year,6.63,Estimated value,Percentage of land area,Low Cultivation,Medium Withdrawal,0.411764706
FIN,Finland,2016,2.3,Estimated value,Cubic meters per year,6.64,Estimated value,Percentage of land area,Low Cultivation,Medium Withdrawal,0.346385542
FIN,Finland,2017,2.3,Estimated value,Cubic meters per year,6.63,Estimated value,Percentage of land area,Low Cultivation,Medium Withdrawal,0.346907994
FIN,Finland,2018,2.8,Estimated value,Cubic meters per year,6.64,Estimated value,Percentage of land area,Low Cultivation,Medium Withdrawal,0.421686747
FIN,Finland,2019,3,Normal value,Cubic meters per year,6.65,Estimated value,Percentage of land area,Low Cultivation,Medium Withdrawal,0.45112782
FIN,Finland,2020,3,Imputed value (CCSA definition),Cubic meters per year,6.64,Estimated value,Percentage of land area,Low Cultivation,Medium Withdrawal,0.451807229
FIN,Finland,2021,3,Imputed value (CCSA definition),Cubic meters per year,6.64,Estimated value,Percentage of land area,Low Cultivation,Medium Withdrawal,0.451807229
FIN,Finland,2022,3,Imputed value (CCSA definition),Cubic meters per year,6.64,Estimated value,Percentage of land area,Low Cultivation,Medium Withdrawal,0.451807229
FRA,France,2014,27.3,Estimated value,Cubic meters per year,35.2,Estimated value,Percentage of land area,High Cultivation,High Withdrawal,0.775568182
FRA,France,2015,28.12,Normal value,Cubic meters per year,35.45,Estimated value,Percentage of land area,High Cultivation,High Withdrawal,0.793229901
FRA,France,2016,26.44,Estimated value,Cubic meters per year,35.24,Estimated value,Percentage of land area,High Cultivation,High Withdrawal,0.750283768
FRA,France,2017,26.95,Normal value,Cubic meters per year,35.45,Estimated value,Percentage of land area,High Cultivation,High Withdrawal,0.76022567
FRA,France,2018,26.92,Normal value,Cubic meters per year,34.84,Estimated value,Percentage of land area,High Cultivation,High Withdrawal,0.772675086
FRA,France,2019,26.21,Normal value,Cubic meters per year,34.55,Estimated value,Percentage of land area,High Cultivation,High Withdrawal,0.758610709
FRA,France,2020,24.67,Normal value,Cubic meters per year,36.01,Estimated value,Percentage of land area,High Cultivation,High Withdrawal,0.685087476
FRA,France,2021,24.43,Normal value,Cubic meters per year,36.04,Estimated value,Percentage of land area,High Cultivation,High Withdrawal,0.677857936
FRA,France,2022,24.43,Imputed value (CCSA definition),Cubic meters per year,35.85,Estimated value,Percentage of land area,High Cultivation,High Withdrawal,0.681450488
GAB,Gabon,2014,0.14,Imputed value (CCSA definition),Cubic meters per year,1.85,Estimated value,Percentage of land area,Low Cultivation,Low Withdrawal,0.075675676
GAB,Gabon,2015,0.14,Imputed value (CCSA definition),Cubic meters per year,1.85,Estimated value,Percentage of land area,Low Cultivation,Low Withdrawal,0.075675676
GAB,Gabon,2016,0.14,Imputed value (CCSA definition),Cubic meters per year,1.85,Estimated value,Percentage of land area,Low Cultivation,Low Withdrawal,0.075675676
GAB,Gabon,2017,0.14,Imputed value (CCSA definition),Cubic meters per year,1.85,Estimated value,Percentage of land area,Low Cultivation,Low Withdrawal,0.075675676
GAB,Gabon,2018,0.14,Imputed value (CCSA definition),Cubic meters per year,1.85,Estimated value,Percentage of land area,Low Cultivation,Low Withdrawal,0.075675676
GAB,Gabon,2019,0.14,Imputed value (CCSA definition),Cubic meters per year,1.85,Estimated value,Percentage of land area,Low Cultivation,Low Withdrawal,0.075675676
GAB,Gabon,2020,0.14,Imputed value (CCSA definition),Cubic meters per year,1.85,Estimated value,Percentage of land area,Low Cultivation,Low Withdrawal,0.075675676
GAB,Gabon,2021,0.14,Imputed value (CCSA definition),Cubic meters per year,1.85,Estimated value,Percentage of land area,Low Cultivation,Low Withdrawal,0.075675676
GAB,Gabon,2022,0.14,Imputed value (CCSA definition),Cubic meters per year,1.85,Estimated value,Percentage of land area,Low Cultivation,Low Withdrawal,0.075675676
GMB,"Gambia, The",2014,0.1,Estimated value,Cubic meters per year,40.44,Estimated value,Percentage of land area,High Cultivation,Low Withdrawal,0.002472799
GMB,"Gambia, The",2015,0.1,Estimated value,Cubic meters per year,40.44,Estimated value,Percentage of land area,High Cultivation,Low Withdrawal,0.002472799
GMB,"Gambia, The",2016,0.1,Estimated value,Cubic meters per year,40.44,Estimated value,Percentage of land area,High Cultivation,Low Withdrawal,0.002472799
GMB,"Gambia, The",2017,0.1,Estimated value,Cubic meters per year,39.56,Estimated value,Percentage of land area,High Cultivation,Low Withdrawal,0.002527806
GMB,"Gambia, The",2018,0.1,Estimated value,Cubic meters per year,39.56,Estimated value,Percentage of land area,High Cultivation,Low Withdrawal,0.002527806
GMB,"Gambia, The",2019,0.1,Estimated value,Cubic meters per year,39.56,Estimated value,Percentage of land area,High Cultivation,Low Withdrawal,0.002527806
GMB,"Gambia, The",2020,0.1,Estimated value,Cubic meters per year,39.56,Estimated value,Percentage of land area,High Cultivation,Low Withdrawal,0.002527806
GMB,"Gambia, The",2021,0.1,Estimated value,Cubic meters per year,39.56,Estimated value,Percentage of land area,High Cultivation,Low Withdrawal,0.002527806
GMB,"Gambia, The",2022,0.1,Estimated value,Cubic meters per year,39.56,Estimated value,Percentage of land area,High Cultivation,Low Withdrawal,0.002527806
GEO,Georgia,2014,1.65,Imputed value (CCSA definition),Cubic meters per year,6.81,Estimated value,Percentage of land area,Low Cultivation,Medium Withdrawal,0.242290749
GEO,Georgia,2015,1.62,Imputed value (CCSA definition),Cubic meters per year,6.85,Estimated value,Percentage of land area,Low Cultivation,Medium Withdrawal,0.23649635
GEO,Georgia,2016,1.59,Normal value,Cubic meters per year,6.51,Estimated value,Percentage of land area,Low Cultivation,Medium Withdrawal,0.244239631
GEO,Georgia,2017,1.37,Normal value,Cubic meters per year,6.38,Estimated value,Percentage of land area,Low Cultivation,Medium Withdrawal,0.214733542
GEO,Georgia,2018,1.29,Normal value,Cubic meters per year,6.23,Estimated value,Percentage of land area,Low Cultivation,Medium Withdrawal,0.2070626
GEO,Georgia,2019,1.57,Normal value,Cubic meters per year,6.21,Estimated value,Percentage of land area,Low Cultivation,Medium Withdrawal,0.252818035
GEO,Georgia,2020,1.65,Normal value,Cubic meters per year,6.28,Estimated value,Percentage of land area,Low Cultivation,Medium Withdrawal,0.262738854
GEO,Georgia,2021,1.61,Normal value,Cubic meters per year,6.31,Estimated value,Percentage of land area,Low Cultivation,Medium Withdrawal,0.255150555
GEO,Georgia,2022,1.29,Normal value,Cubic meters per year,6.37,Estimated value,Percentage of land area,Low Cultivation,Medium Withdrawal,0.202511774
DEU,Germany,2014,31.31,Normal value,Cubic meters per year,33.78,Estimated value,Percentage of land area,High Cultivation,High Withdrawal,0.926879811
DEU,Germany,2015,29.83,Normal value,Cubic meters per year,33.72,Estimated value,Percentage of land area,High Cultivation,High Withdrawal,0.884638197
DEU,Germany,2016,24.44,Estimated value,Cubic meters per year,33.46,Estimated value,Percentage of land area,High Cultivation,High Withdrawal,0.730424387
DEU,Germany,2017,27.75,Normal value,Cubic meters per year,33.51,Estimated value,Percentage of land area,High Cultivation,High Withdrawal,0.828111012
DEU,Germany,2018,26.92,Normal value,Cubic meters per year,33.39,Estimated value,Percentage of land area,High Cultivation,High Withdrawal,0.80622941
DEU,Germany,2019,25.79,Normal value,Cubic meters per year,33.35,Estimated value,Percentage of land area,High Cultivation,High Withdrawal,0.773313343
DEU,Germany,2020,25.79,Imputed value (CCSA definition),Cubic meters per year,33.2,Estimated value,Percentage of land area,High Cultivation,High Withdrawal,0.776807229
DEU,Germany,2021,25.79,Imputed value (CCSA definition),Cubic meters per year,33.2,Estimated value,Percentage of land area,High Cultivation,High Withdrawal,0.776807229
DEU,Germany,2022,25.79,Imputed value (CCSA definition),Cubic meters per year,33.2,Estimated value,Percentage of land area,High Cultivation,High Withdrawal,0.776807229
GHA,Ghana,2014,1.36,Estimated value,Cubic meters per year,28.78,Estimated value,Percentage of land area,Moderate Cultivation,Medium Withdrawal,0.047255038
GHA,Ghana,2015,1.44,Estimated value,Cubic meters per year,29.17,Estimated value,Percentage of land area,Moderate Cultivation,Medium Withdrawal,0.049365787
GHA,Ghana,2016,1.45,Estimated value,Cubic meters per year,29.55,Estimated value,Percentage of land area,Moderate Cultivation,Medium Withdrawal,0.049069374
GHA,Ghana,2017,1.45,Estimated value,Cubic meters per year,29.94,Estimated value,Percentage of land area,Moderate Cultivation,Medium Withdrawal,0.048430194
GHA,Ghana,2018,1.45,Estimated value,Cubic meters per year,30.32,Estimated value,Percentage of land area,High Cultivation,Medium Withdrawal,0.047823219
GHA,Ghana,2019,1.45,Estimated value,Cubic meters per year,30.71,Estimated value,Percentage of land area,High Cultivation,Medium Withdrawal,0.047215891
GHA,Ghana,2020,1.45,Estimated value,Cubic meters per year,31.1,Estimated value,Percentage of land area,High Cultivation,Medium Withdrawal,0.046623794
GHA,Ghana,2021,1.45,Estimated value,Cubic meters per year,31.1,Estimated value,Percentage of land area,High Cultivation,Medium Withdrawal,0.046623794
GHA,Ghana,2022,1.45,Estimated value,Cubic meters per year,31.1,Estimated value,Percentage of land area,High Cultivation,Medium Withdrawal,0.046623794
GRC,Greece,2014,9.92,Figure from international organizations,Cubic meters per year,25.22,Estimated value,Percentage of land area,Moderate Cultivation,Medium Withdrawal,0.39333862
GRC,Greece,2015,9.91,Figure from international organizations,Cubic meters per year,24.87,Estimated value,Percentage of land area,Moderate Cultivation,Medium Withdrawal,0.398472055
GRC,Greece,2016,10.14,Normal value,Cubic meters per year,24.66,Estimated value,Percentage of land area,Moderate Cultivation,High Withdrawal,0.411192214
GRC,Greece,2017,10.13,Normal value,Cubic meters per year,24.44,Estimated value,Percentage of land area,Moderate Cultivation,High Withdrawal,0.414484452
GRC,Greece,2018,10.12,Normal value,Cubic meters per year,24.45,Estimated value,Percentage of land area,Moderate Cultivation,High Withdrawal,0.41390593
GRC,Greece,2019,10.12,Normal value,Cubic meters per year,24.38,Estimated value,Percentage of land area,Moderate Cultivation,High Withdrawal,0.41509434
GRC,Greece,2020,10.12,Normal value,Cubic meters per year,21.3,Estimated value,Percentage of land area,Moderate Cultivation,High Withdrawal,0.475117371
GRC,Greece,2021,10.09,Normal value,Cubic meters per year,21.54,Estimated value,Percentage of land area,Moderate Cultivation,High Withdrawal,0.468430826
GRC,Greece,2022,10.05,Normal value,Cubic meters per year,21.54,Estimated value,Percentage of land area,Moderate Cultivation,High Withdrawal,0.466573816
GRD,Grenada,2014,0.01,Estimated value,Cubic meters per year,20.59,Estimated value,Percentage of land area,Moderate Cultivation,Low Withdrawal,0.000485673
GRD,Grenada,2015,0.01,Imputed value (CCSA definition),Cubic meters per year,20.59,Estimated value,Percentage of land area,Moderate Cultivation,Low Withdrawal,0.000485673
GRD,Grenada,2016,0.01,Imputed value (CCSA definition),Cubic meters per year,20.59,Estimated value,Percentage of land area,Moderate Cultivation,Low Withdrawal,0.000485673
GRD,Grenada,2017,0.01,Imputed value (CCSA definition),Cubic meters per year,20.59,Estimated value,Percentage of land area,Moderate Cultivation,Low Withdrawal,0.000485673
GRD,Grenada,2018,0.01,Imputed value (CCSA definition),Cubic meters per year,20.59,Estimated value,Percentage of land area,Moderate Cultivation,Low Withdrawal,0.000485673
GRD,Grenada,2019,0.01,Imputed value (CCSA definition),Cubic meters per year,20.59,Estimated value,Percentage of land area,Moderate Cultivation,Low Withdrawal,0.000485673
GRD,Grenada,2020,0.01,Imputed value (CCSA definition),Cubic meters per year,20.59,Estimated value,Percentage of land area,Moderate Cultivation,Low Withdrawal,0.000485673
GRD,Grenada,2021,0.01,Imputed value (CCSA definition),Cubic meters per year,20.59,Estimated value,Percentage of land area,Moderate Cultivation,Low Withdrawal,0.000485673
GRD,Grenada,2022,0.01,Imputed value (CCSA definition),Cubic meters per year,20.59,Estimated value,Percentage of land area,Moderate Cultivation,Low Withdrawal,0.000485673
GTM,Guatemala,2014,3.32,Imputed value (CCSA definition),Cubic meters per year,22.72,Estimated value,Percentage of land area,Moderate Cultivation,Medium Withdrawal,0.146126761
GTM,Guatemala,2015,3.32,Imputed value (CCSA definition),Cubic meters per year,24.36,Estimated value,Percentage of land area,Moderate Cultivation,Medium Withdrawal,0.136288998
GTM,Guatemala,2016,3.32,Imputed value (CCSA definition),Cubic meters per year,24.52,Estimated value,Percentage of land area,Moderate Cultivation,Medium Withdrawal,0.135399674
GTM,Guatemala,2017,3.32,Imputed value (CCSA definition),Cubic meters per year,24.68,Estimated value,Percentage of land area,Moderate Cultivation,Medium Withdrawal,0.13452188
GTM,Guatemala,2018,3.32,Imputed value (CCSA definition),Cubic meters per year,24.83,Estimated value,Percentage of land area,Moderate Cultivation,Medium Withdrawal,0.133709223
GTM,Guatemala,2019,3.32,Imputed value (CCSA definition),Cubic meters per year,24.99,Estimated value,Percentage of land area,Moderate Cultivation,Medium Withdrawal,0.132853141
GTM,Guatemala,2020,3.32,Imputed value (CCSA definition),Cubic meters per year,25.14,Estimated value,Percentage of land area,Moderate Cultivation,Medium Withdrawal,0.132060461
GTM,Guatemala,2021,3.32,Imputed value (CCSA definition),Cubic meters per year,25.14,Estimated value,Percentage of land area,Moderate Cultivation,Medium Withdrawal,0.132060461
GTM,Guatemala,2022,3.32,Imputed value (CCSA definition),Cubic meters per year,25.14,Estimated value,Percentage of land area,Moderate Cultivation,Medium Withdrawal,0.132060461
GIN,Guinea,2014,0.79,Imputed value (CCSA definition),Cubic meters per year,21.67,Estimated value,Percentage of land area,Moderate Cultivation,Low Withdrawal,0.03645593
GIN,Guinea,2015,0.82,Imputed value (CCSA definition),Cubic meters per year,22.53,Estimated value,Percentage of land area,Moderate Cultivation,Low Withdrawal,0.036395917
GIN,Guinea,2016,0.84,Imputed value (CCSA definition),Cubic meters per year,22.95,Estimated value,Percentage of land area,Moderate Cultivation,Low Withdrawal,0.036601307
GIN,Guinea,2017,0.87,Imputed value (CCSA definition),Cubic meters per year,23.73,Estimated value,Percentage of land area,Moderate Cultivation,Low Withdrawal,0.036662453
GIN,Guinea,2018,0.89,Estimated value,Cubic meters per year,24.42,Estimated value,Percentage of land area,Moderate Cultivation,Low Withdrawal,0.036445536
GIN,Guinea,2019,0.89,Imputed value (CCSA definition),Cubic meters per year,24.32,Estimated value,Percentage of land area,Moderate Cultivation,Low Withdrawal,0.036595395
GIN,Guinea,2020,0.89,Normal value,Cubic meters per year,25.54,Estimated value,Percentage of land area,Moderate Cultivation,Low Withdrawal,0.034847298
GIN,Guinea,2021,0.89,Imputed value (CCSA definition),Cubic meters per year,26.06,Estimated value,Percentage of land area,Moderate Cultivation,Low Withdrawal,0.034151957
GIN,Guinea,2022,0.89,Imputed value (CCSA definition),Cubic meters per year,26.42,Estimated value,Percentage of land area,Moderate Cultivation,Low Withdrawal,0.033686601
GNB,Guinea-Bissau,2014,0.18,Imputed value (CCSA definition),Cubic meters per year,15.22,Estimated value,Percentage of land area,Moderate Cultivation,Low Withdrawal,0.011826544
GNB,Guinea-Bissau,2015,0.18,Imputed value (CCSA definition),Cubic meters per year,15.22,Estimated value,Percentage of land area,Moderate Cultivation,Low Withdrawal,0.011826544
GNB,Guinea-Bissau,2016,0.18,Imputed value (CCSA definition),Cubic meters per year,15.63,Estimated value,Percentage of land area,Moderate Cultivation,Low Withdrawal,0.011516315
GNB,Guinea-Bissau,2017,0.18,Imputed value (CCSA definition),Cubic meters per year,15.63,Estimated value,Percentage of land area,Moderate Cultivation,Low Withdrawal,0.011516315
GNB,Guinea-Bissau,2018,0.18,Imputed value (CCSA definition),Cubic meters per year,16.04,Estimated value,Percentage of land area,Moderate Cultivation,Low Withdrawal,0.011221945
GNB,Guinea-Bissau,2019,0.18,Imputed value (CCSA definition),Cubic meters per year,17.03,Estimated value,Percentage of land area,Moderate Cultivation,Low Withdrawal,0.010569583
GNB,Guinea-Bissau,2020,0.18,Imputed value (CCSA definition),Cubic meters per year,17.23,Estimated value,Percentage of land area,Moderate Cultivation,Low Withdrawal,0.010446895
GNB,Guinea-Bissau,2021,0.18,Imputed value (CCSA definition),Cubic meters per year,17.71,Estimated value,Percentage of land area,Moderate Cultivation,Low Withdrawal,0.010163749
GNB,Guinea-Bissau,2022,0.18,Imputed value (CCSA definition),Cubic meters per year,17.85,Estimated value,Percentage of land area,Moderate Cultivation,Low Withdrawal,0.010084034
GUY,Guyana,2014,1.44,Imputed value (CCSA definition),Cubic meters per year,2.08,Estimated value,Percentage of land area,Low Cultivation,Medium Withdrawal,0.692307692
GUY,Guyana,2015,1.44,Imputed value (CCSA definition),Cubic meters per year,2.08,Estimated value,Percentage of land area,Low Cultivation,Medium Withdrawal,0.692307692
GUY,Guyana,2016,1.44,Imputed value (CCSA definition),Cubic meters per year,2.08,Estimated value,Percentage of land area,Low Cultivation,Medium Withdrawal,0.692307692
GUY,Guyana,2017,1.44,Imputed value (CCSA definition),Cubic meters per year,2.08,Estimated value,Percentage of land area,Low Cultivation,Medium Withdrawal,0.692307692
GUY,Guyana,2018,1.44,Imputed value (CCSA definition),Cubic meters per year,2.08,Estimated value,Percentage of land area,Low Cultivation,Medium Withdrawal,0.692307692
GUY,Guyana,2019,1.44,Imputed value (CCSA definition),Cubic meters per year,2.08,Estimated value,Percentage of land area,Low Cultivation,Medium Withdrawal,0.692307692
GUY,Guyana,2020,1.44,Imputed value (CCSA definition),Cubic meters per year,2.08,Estimated value,Percentage of land area,Low Cultivation,Medium Withdrawal,0.692307692
GUY,Guyana,2021,1.44,Imputed value (CCSA definition),Cubic meters per year,2.09,Estimated value,Percentage of land area,Low Cultivation,Medium Withdrawal,0.688995215
GUY,Guyana,2022,1.44,Imputed value (CCSA definition),Cubic meters per year,2.09,Estimated value,Percentage of land area,Low Cultivation,Medium Withdrawal,0.688995215
HTI,Haiti,2014,1.45,Imputed value (CCSA definition),Cubic meters per year,56.86,Estimated value,Percentage of land area,High Cultivation,Medium Withdrawal,0.025501231
HTI,Haiti,2015,1.45,Imputed value (CCSA definition),Cubic meters per year,56.86,Estimated value,Percentage of land area,High Cultivation,Medium Withdrawal,0.025501231
HTI,Haiti,2016,1.45,Imputed value (CCSA definition),Cubic meters per year,56.86,Estimated value,Percentage of land area,High Cultivation,Medium Withdrawal,0.025501231
HTI,Haiti,2017,1.45,Imputed value (CCSA definition),Cubic meters per year,54.77,Estimated value,Percentage of land area,High Cultivation,Medium Withdrawal,0.026474347
HTI,Haiti,2018,1.45,Imputed value (CCSA definition),Cubic meters per year,54.23,Estimated value,Percentage of land area,High Cultivation,Medium Withdrawal,0.026737968
HTI,Haiti,2019,1.45,Imputed value (CCSA definition),Cubic meters per year,46.85,Estimated value,Percentage of land area,High Cultivation,Medium Withdrawal,0.03094984
HTI,Haiti,2020,1.45,Imputed value (CCSA definition),Cubic meters per year,46.85,Estimated value,Percentage of land area,High Cultivation,Medium Withdrawal,0.03094984
HTI,Haiti,2021,1.45,Imputed value (CCSA definition),Cubic meters per year,47.03,Estimated value,Percentage of land area,High Cultivation,Medium Withdrawal,0.030831384
HTI,Haiti,2022,1.45,Imputed value (CCSA definition),Cubic meters per year,47.03,Estimated value,Percentage of land area,High Cultivation,Medium Withdrawal,0.030831384
HND,Honduras,2014,1.61,Imputed value (CCSA definition),Cubic meters per year,13.85,Estimated value,Percentage of land area,Moderate Cultivation,Medium Withdrawal,0.116245487
HND,Honduras,2015,1.61,Imputed value (CCSA definition),Cubic meters per year,13.85,Estimated value,Percentage of land area,Moderate Cultivation,Medium Withdrawal,0.116245487
HND,Honduras,2016,1.61,Imputed value (CCSA definition),Cubic meters per year,13.85,Estimated value,Percentage of land area,Moderate Cultivation,Medium Withdrawal,0.116245487
HND,Honduras,2017,1.61,Imputed value (CCSA definition),Cubic meters per year,14.12,Estimated value,Percentage of land area,Moderate Cultivation,Medium Withdrawal,0.114022663
HND,Honduras,2018,1.61,Imputed value (CCSA definition),Cubic meters per year,14.17,Estimated value,Percentage of land area,Moderate Cultivation,Medium Withdrawal,0.113620325
HND,Honduras,2019,1.61,Imputed value (CCSA definition),Cubic meters per year,14.17,Estimated value,Percentage of land area,Moderate Cultivation,Medium Withdrawal,0.113620325
HND,Honduras,2020,1.61,Imputed value (CCSA definition),Cubic meters per year,14.17,Estimated value,Percentage of land area,Moderate Cultivation,Medium Withdrawal,0.113620325
HND,Honduras,2021,1.61,Imputed value (CCSA definition),Cubic meters per year,14.38,Estimated value,Percentage of land area,Moderate Cultivation,Medium Withdrawal,0.111961057
HND,Honduras,2022,1.61,Imputed value (CCSA definition),Cubic meters per year,14.38,Estimated value,Percentage of land area,Moderate Cultivation,Medium Withdrawal,0.111961057
HUN,Hungary,2014,3.92,Figure from international organizations,Cubic meters per year,48.4,Estimated value,Percentage of land area,High Cultivation,Medium Withdrawal,0.080991736
HUN,Hungary,2015,4.03,Figure from international organizations,Cubic meters per year,48.4,Estimated value,Percentage of land area,High Cultivation,Medium Withdrawal,0.083264463
HUN,Hungary,2016,3.96,Figure from international organizations,Cubic meters per year,48.36,Estimated value,Percentage of land area,High Cultivation,Medium Withdrawal,0.081885856
HUN,Hungary,2017,4.74,Normal value,Cubic meters per year,48.36,Estimated value,Percentage of land area,High Cultivation,Medium Withdrawal,0.098014888
HUN,Hungary,2018,4.92,Normal value,Cubic meters per year,48.34,Estimated value,Percentage of land area,High Cultivation,Medium Withdrawal,0.101779065
HUN,Hungary,2019,4.46,Normal value,Cubic meters per year,48.24,Estimated value,Percentage of land area,High Cultivation,Medium Withdrawal,0.092454395
HUN,Hungary,2020,4.48,Normal value,Cubic meters per year,44.98,Estimated value,Percentage of land area,High Cultivation,Medium Withdrawal,0.099599822
HUN,Hungary,2021,4.47,Normal value,Cubic meters per year,46.11,Estimated value,Percentage of land area,High Cultivation,Medium Withdrawal,0.096942095
HUN,Hungary,2022,4.69,Normal value,Cubic meters per year,46.27,Estimated value,Percentage of land area,High Cultivation,Medium Withdrawal,0.101361573
ISL,Iceland,2014,0.28,Normal value,Cubic meters per year,1.18,Estimated value,Percentage of land area,Low Cultivation,Low Withdrawal,0.237288136
ISL,Iceland,2015,0.28,Estimated value,Cubic meters per year,1.17,Estimated value,Percentage of land area,Low Cultivation,Low Withdrawal,0.239316239
ISL,Iceland,2016,0.26,Normal value,Cubic meters per year,1.17,Estimated value,Percentage of land area,Low Cultivation,Low Withdrawal,0.222222222
ISL,Iceland,2017,0.29,Normal value,Cubic meters per year,1.17,Estimated value,Percentage of land area,Low Cultivation,Low Withdrawal,0.247863248
ISL,Iceland,2018,0.29,Imputed value (CCSA definition),Cubic meters per year,1.17,Estimated value,Percentage of land area,Low Cultivation,Low Withdrawal,0.247863248
ISL,Iceland,2019,0.29,Imputed value (CCSA definition),Cubic meters per year,1.17,Estimated value,Percentage of land area,Low Cultivation,Low Withdrawal,0.247863248
ISL,Iceland,2020,0.29,Imputed value (CCSA definition),Cubic meters per year,1.17,Estimated value,Percentage of land area,Low Cultivation,Low Withdrawal,0.247863248
ISL,Iceland,2021,0.29,Imputed value (CCSA definition),Cubic meters per year,1.17,Estimated value,Percentage of land area,Low Cultivation,Low Withdrawal,0.247863248
ISL,Iceland,2022,0.29,Imputed value (CCSA definition),Cubic meters per year,1.17,Estimated value,Percentage of land area,Low Cultivation,Low Withdrawal,0.247863248
IND,India,2014,647.5,Imputed value (CCSA definition),Cubic meters per year,51.55,Estimated value,Percentage of land area,High Cultivation,Very High Withdrawal,12.56062076
IND,India,2015,647.5,Imputed value (CCSA definition),Cubic meters per year,51.54,Estimated value,Percentage of land area,High Cultivation,Very High Withdrawal,12.56305782
IND,India,2016,647.5,Imputed value (CCSA definition),Cubic meters per year,51.51,Estimated value,Percentage of land area,High Cultivation,Very High Withdrawal,12.57037468
IND,India,2017,647.5,Imputed value (CCSA definition),Cubic meters per year,51.38,Estimated value,Percentage of land area,High Cultivation,Very High Withdrawal,12.60217984
IND,India,2018,647.5,Imputed value (CCSA definition),Cubic meters per year,51.34,Estimated value,Percentage of land area,High Cultivation,Very High Withdrawal,12.61199844
IND,India,2019,647.5,Imputed value (CCSA definition),Cubic meters per year,51.31,Estimated value,Percentage of land area,High Cultivation,Very High Withdrawal,12.61937244
IND,India,2020,647.5,Imputed value (CCSA definition),Cubic meters per year,51.12,Estimated value,Percentage of land area,High Cultivation,Very High Withdrawal,12.66627543
IND,India,2021,647.5,Imputed value (CCSA definition),Cubic meters per year,51.12,Estimated value,Percentage of land area,High Cultivation,Very High Withdrawal,12.66627543
IND,India,2022,647.5,Imputed value (CCSA definition),Cubic meters per year,51.12,Estimated value,Percentage of land area,High Cultivation,Very High Withdrawal,12.66627543
IDN,Indonesia,2014,208.96,Imputed value (CCSA definition),Cubic meters per year,21.32,Estimated value,Percentage of land area,Moderate Cultivation,Very High Withdrawal,9.801125704
IDN,Indonesia,2015,215.8,Imputed value (CCSA definition),Cubic meters per year,21.39,Estimated value,Percentage of land area,Moderate Cultivation,Very High Withdrawal,10.08882655
IDN,Indonesia,2016,222.64,Estimated value,Cubic meters per year,21.66,Estimated value,Percentage of land area,Moderate Cultivation,Very High Withdrawal,10.27885503
IDN,Indonesia,2017,222.64,Imputed value (CCSA definition),Cubic meters per year,22.92,Estimated value,Percentage of land area,Moderate Cultivation,Very High Withdrawal,9.713787086
IDN,Indonesia,2018,222.64,Imputed value (CCSA definition),Cubic meters per year,23.26,Estimated value,Percentage of land area,Moderate Cultivation,Very High Withdrawal,9.571797077
IDN,Indonesia,2019,222.64,Imputed value (CCSA definition),Cubic meters per year,23.33,Estimated value,Percentage of land area,Moderate Cultivation,Very High Withdrawal,9.543077583
IDN,Indonesia,2020,222.64,Imputed value (CCSA definition),Cubic meters per year,23.42,Estimated value,Percentage of land area,Moderate Cultivation,Very High Withdrawal,9.506404782
IDN,Indonesia,2021,222.64,Imputed value (CCSA definition),Cubic meters per year,23.28,Estimated value,Percentage of land area,Moderate Cultivation,Very High Withdrawal,9.563573883
IDN,Indonesia,2022,222.64,Imputed value (CCSA definition),Cubic meters per year,23.49,Estimated value,Percentage of land area,Moderate Cultivation,Very High Withdrawal,9.478075777
IRN,"Iran, Islamic Rep.",2014,92.95,Imputed value (CCSA definition),Cubic meters per year,9.44,Estimated value,Percentage of land area,Low Cultivation,Very High Withdrawal,9.846398305
IRN,"Iran, Islamic Rep.",2015,92.95,Imputed value (CCSA definition),Cubic meters per year,9.44,Estimated value,Percentage of land area,Low Cultivation,Very High Withdrawal,9.846398305
IRN,"Iran, Islamic Rep.",2016,92.95,Imputed value (CCSA definition),Cubic meters per year,9.44,Estimated value,Percentage of land area,Low Cultivation,Very High Withdrawal,9.846398305
IRN,"Iran, Islamic Rep.",2017,92.95,Imputed value (CCSA definition),Cubic meters per year,9.75,Estimated value,Percentage of land area,Low Cultivation,Very High Withdrawal,9.533333333
IRN,"Iran, Islamic Rep.",2018,92.95,Imputed value (CCSA definition),Cubic meters per year,10.03,Estimated value,Percentage of land area,Moderate Cultivation,Very High Withdrawal,9.267198405
IRN,"Iran, Islamic Rep.",2019,92.95,Imputed value (CCSA definition),Cubic meters per year,10.07,Estimated value,Percentage of land area,Moderate Cultivation,Very High Withdrawal,9.230387289
IRN,"Iran, Islamic Rep.",2020,92.95,Imputed value (CCSA definition),Cubic meters per year,10.09,Estimated value,Percentage of land area,Moderate Cultivation,Very High Withdrawal,9.212091179
IRN,"Iran, Islamic Rep.",2021,92.95,Imputed value (CCSA definition),Cubic meters per year,10.12,Estimated value,Percentage of land area,Moderate Cultivation,Very High Withdrawal,9.184782609
IRN,"Iran, Islamic Rep.",2022,92.95,Imputed value (CCSA definition),Cubic meters per year,10.12,Estimated value,Percentage of land area,Moderate Cultivation,Very High Withdrawal,9.184782609
IRQ,Iraq,2014,39.98,Estimated value,Cubic meters per year,12.11,Estimated value,Percentage of land area,Moderate Cultivation,High Withdrawal,3.301403799
IRQ,Iraq,2015,34.9,Estimated value,Cubic meters per year,12.11,Estimated value,Percentage of land area,Moderate Cultivation,High Withdrawal,2.881915772
IRQ,Iraq,2016,38.51,Normal value,Cubic meters per year,12.2,Estimated value,Percentage of land area,Moderate Cultivation,High Withdrawal,3.156557377
IRQ,Iraq,2017,43.06,Estimated value,Cubic meters per year,12.25,Estimated value,Percentage of land area,Moderate Cultivation,High Withdrawal,3.515102041
IRQ,Iraq,2018,33.56,Estimated value,Cubic meters per year,12.31,Estimated value,Percentage of land area,Moderate Cultivation,High Withdrawal,2.72623883
IRQ,Iraq,2019,56.62,Estimated value,Cubic meters per year,12.37,Estimated value,Percentage of land area,Moderate Cultivation,Very High Withdrawal,4.57720291
IRQ,Iraq,2020,45.04,Estimated value,Cubic meters per year,12.43,Estimated value,Percentage of land area,Moderate Cultivation,High Withdrawal,3.623491553
IRQ,Iraq,2021,42.42,Estimated value,Cubic meters per year,12.49,Estimated value,Percentage of land area,Moderate Cultivation,High Withdrawal,3.396317054
IRQ,Iraq,2022,42.42,Estimated value,Cubic meters per year,12.55,Estimated value,Percentage of land area,Moderate Cultivation,High Withdrawal,3.380079681
IRL,Ireland,2014,1.13,Imputed value (CCSA definition),Cubic meters per year,6.63,Estimated value,Percentage of land area,Low Cultivation,Medium Withdrawal,0.170437406
IRL,Ireland,2015,1.2,Imputed value (CCSA definition),Cubic meters per year,6.46,Estimated value,Percentage of land area,Low Cultivation,Medium Withdrawal,0.185758514
IRL,Ireland,2016,1.28,Imputed value (CCSA definition),Cubic meters per year,6.57,Estimated value,Percentage of land area,Low Cultivation,Medium Withdrawal,0.194824962
IRL,Ireland,2017,1.35,Imputed value (CCSA definition),Cubic meters per year,6.57,Estimated value,Percentage of land area,Low Cultivation,Medium Withdrawal,0.205479452
IRL,Ireland,2018,1.43,Normal value,Cubic meters per year,6.43,Estimated value,Percentage of land area,Low Cultivation,Medium Withdrawal,0.222395023
IRL,Ireland,2019,1.54,Normal value,Cubic meters per year,6.32,Estimated value,Percentage of land area,Low Cultivation,Medium Withdrawal,0.243670886
IRL,Ireland,2020,1.54,Normal value,Cubic meters per year,6.33,Estimated value,Percentage of land area,Low Cultivation,Medium Withdrawal,0.24328594
IRL,Ireland,2021,1.58,Normal value,Cubic meters per year,6.22,Estimated value,Percentage of land area,Low Cultivation,Medium Withdrawal,0.254019293
IRL,Ireland,2022,1.67,Normal value,Cubic meters per year,6.36,Estimated value,Percentage of land area,Low Cultivation,Medium Withdrawal,0.262578616
ISR,Israel,2014,1.18,Imputed value (CCSA definition),Cubic meters per year,18.02,Estimated value,Percentage of land area,Moderate Cultivation,Medium Withdrawal,0.065482797
ISR,Israel,2015,1.14,Estimated value,Cubic meters per year,17.85,Estimated value,Percentage of land area,Moderate Cultivation,Medium Withdrawal,0.063865546
ISR,Israel,2016,1.2,Normal value,Cubic meters per year,17.76,Estimated value,Percentage of land area,Moderate Cultivation,Medium Withdrawal,0.067567568
ISR,Israel,2017,1.2,Normal value,Cubic meters per year,21.88,Estimated value,Percentage of land area,Moderate Cultivation,Medium Withdrawal,0.054844607
ISR,Israel,2018,1.11,Normal value,Cubic meters per year,21.9,Estimated value,Percentage of land area,Moderate Cultivation,Medium Withdrawal,0.050684932
ISR,Israel,2019,1.16,Normal value,Cubic meters per year,21.68,Estimated value,Percentage of land area,Moderate Cultivation,Medium Withdrawal,0.053505535
ISR,Israel,2020,1.28,Normal value,Cubic meters per year,21.81,Estimated value,Percentage of land area,Moderate Cultivation,Medium Withdrawal,0.058688675
ISR,Israel,2021,1.53,Normal value,Cubic meters per year,21.73,Estimated value,Percentage of land area,Moderate Cultivation,Medium Withdrawal,0.070409572
ISR,Israel,2022,1.5,Normal value,Cubic meters per year,21.5,Estimated value,Percentage of land area,Moderate Cultivation,Medium Withdrawal,0.069767442
ITA,Italy,2014,33.97,Estimated value,Cubic meters per year,30.27,Estimated value,Percentage of land area,High Cultivation,High Withdrawal,1.122233234
ITA,Italy,2015,33.96,Estimated value,Cubic meters per year,30.03,Estimated value,Percentage of land area,High Cultivation,High Withdrawal,1.130869131
ITA,Italy,2016,33.87,Estimated value,Cubic meters per year,30.36,Estimated value,Percentage of land area,High Cultivation,High Withdrawal,1.115612648
ITA,Italy,2017,33.78,Estimated value,Cubic meters per year,30.52,Estimated value,Percentage of land area,High Cultivation,High Withdrawal,1.106815203
ITA,Italy,2018,33.68,Estimated value,Cubic meters per year,30.32,Estimated value,Percentage of land area,High Cultivation,High Withdrawal,1.110817942
ITA,Italy,2019,33.84,Estimated value,Cubic meters per year,30.88,Estimated value,Percentage of land area,High Cultivation,High Withdrawal,1.095854922
ITA,Italy,2020,33.82,Estimated value,Cubic meters per year,31.07,Estimated value,Percentage of land area,High Cultivation,High Withdrawal,1.088509817
ITA,Italy,2021,33.75,Estimated value,Cubic meters per year,30.99,Estimated value,Percentage of land area,High Cultivation,High Withdrawal,1.089060987
ITA,Italy,2022,33.78,Estimated value,Cubic meters per year,31.35,Estimated value,Percentage of land area,High Cultivation,High Withdrawal,1.077511962
JAM,Jamaica,2014,1.55,Estimated value,Cubic meters per year,17.19,Estimated value,Percentage of land area,Moderate Cultivation,Medium Withdrawal,0.090168703
JAM,Jamaica,2015,0.83,Estimated value,Cubic meters per year,17.11,Estimated value,Percentage of land area,Moderate Cultivation,Low Withdrawal,0.048509643
JAM,Jamaica,2016,1.35,Estimated value,Cubic meters per year,17.11,Estimated value,Percentage of land area,Moderate Cultivation,Medium Withdrawal,0.078901227
JAM,Jamaica,2017,1.34,Imputed value (CCSA definition),Cubic meters per year,17.11,Estimated value,Percentage of land area,Moderate Cultivation,Medium Withdrawal,0.078316774
JAM,Jamaica,2018,1.32,Imputed value (CCSA definition),Cubic meters per year,17.11,Estimated value,Percentage of land area,Moderate Cultivation,Medium Withdrawal,0.077147867
JAM,Jamaica,2019,1.31,Normal value,Cubic meters per year,17.11,Estimated value,Percentage of land area,Moderate Cultivation,Medium Withdrawal,0.076563413
JAM,Jamaica,2020,1.2,Normal value,Cubic meters per year,17.11,Estimated value,Percentage of land area,Moderate Cultivation,Medium Withdrawal,0.070134424
JAM,Jamaica,2021,1.34,Normal value,Cubic meters per year,17.11,Estimated value,Percentage of land area,Moderate Cultivation,Medium Withdrawal,0.078316774
JAM,Jamaica,2022,1.34,Imputed value (CCSA definition),Cubic meters per year,17.11,Estimated value,Percentage of land area,Moderate Cultivation,Medium Withdrawal,0.078316774
JPN,Japan,2014,80.13,Imputed value (CCSA definition),Cubic meters per year,11.95,Estimated value,Percentage of land area,Moderate Cultivation,Very High Withdrawal,6.705439331
JPN,Japan,2015,79.92,Imputed value (CCSA definition),Cubic meters per year,11.9,Estimated value,Percentage of land area,Moderate Cultivation,Very High Withdrawal,6.715966387
JPN,Japan,2016,79.7,Normal value,Cubic meters per year,11.83,Estimated value,Percentage of land area,Moderate Cultivation,Very High Withdrawal,6.737109045
JPN,Japan,2017,79.3,Normal value,Cubic meters per year,11.76,Estimated value,Percentage of land area,Moderate Cultivation,Very High Withdrawal,6.743197279
JPN,Japan,2018,79.1,Normal value,Cubic meters per year,11.7,Estimated value,Percentage of land area,Moderate Cultivation,Very High Withdrawal,6.760683761
JPN,Japan,2019,78.4,Normal value,Cubic meters per year,11.64,Estimated value,Percentage of land area,Moderate Cultivation,Very High Withdrawal,6.735395189
JPN,Japan,2020,79.7,Normal value,Cubic meters per year,11.57,Estimated value,Percentage of land area,Moderate Cultivation,Very High Withdrawal,6.888504754
JPN,Japan,2021,79.7,Imputed value (CCSA definition),Cubic meters per year,11.51,Estimated value,Percentage of land area,Moderate Cultivation,Very High Withdrawal,6.924413553
JPN,Japan,2022,79.7,Imputed value (CCSA definition),Cubic meters per year,11.44,Estimated value,Percentage of land area,Moderate Cultivation,Very High Withdrawal,6.966783217
JOR,Jordan,2014,0.97,Estimated value,Cubic meters per year,3.61,Estimated value,Percentage of land area,Low Cultivation,Low Withdrawal,0.268698061
JOR,Jordan,2015,0.87,Estimated value,Cubic meters per year,3.52,Estimated value,Percentage of land area,Low Cultivation,Low Withdrawal,0.247159091
JOR,Jordan,2016,0.9,Estimated value,Cubic meters per year,3.63,Estimated value,Percentage of land area,Low Cultivation,Low Withdrawal,0.247933884
JOR,Jordan,2017,0.91,Normal value,Cubic meters per year,2.97,Estimated value,Percentage of land area,Low Cultivation,Low Withdrawal,0.306397306
JOR,Jordan,2018,0.92,Normal value,Cubic meters per year,3.13,Estimated value,Percentage of land area,Low Cultivation,Low Withdrawal,0.293929712
JOR,Jordan,2019,0.94,Normal value,Cubic meters per year,3.3,Estimated value,Percentage of land area,Low Cultivation,Low Withdrawal,0.284848485
JOR,Jordan,2020,0.96,Normal value,Cubic meters per year,3.21,Estimated value,Percentage of land area,Low Cultivation,Low Withdrawal,0.299065421
JOR,Jordan,2021,0.93,Normal value,Cubic meters per year,3.15,Estimated value,Percentage of land area,Low Cultivation,Low Withdrawal,0.295238095
JOR,Jordan,2022,0.95,Normal value,Cubic meters per year,3.36,Estimated value,Percentage of land area,Low Cultivation,Low Withdrawal,0.282738095
KAZ,Kazakhstan,2014,23.08,Estimated value,Cubic meters per year,10.86,Estimated value,Percentage of land area,Moderate Cultivation,High Withdrawal,2.125230203
KAZ,Kazakhstan,2015,21.66,Estimated value,Cubic meters per year,10.91,Estimated value,Percentage of land area,Moderate Cultivation,High Withdrawal,1.985334555
KAZ,Kazakhstan,2016,21.63,Estimated value,Cubic meters per year,10.93,Estimated value,Percentage of land area,Moderate Cultivation,High Withdrawal,1.978956999
KAZ,Kazakhstan,2017,22.45,Estimated value,Cubic meters per year,10.93,Estimated value,Percentage of land area,Moderate Cultivation,High Withdrawal,2.053979872
KAZ,Kazakhstan,2018,23.54,Normal value,Cubic meters per year,10.97,Estimated value,Percentage of land area,Moderate Cultivation,High Withdrawal,2.145852325
KAZ,Kazakhstan,2019,23.52,Normal value,Cubic meters per year,10.83,Estimated value,Percentage of land area,Moderate Cultivation,High Withdrawal,2.171745152
KAZ,Kazakhstan,2020,24.58,Normal value,Cubic meters per year,10.89,Estimated value,Percentage of land area,Moderate Cultivation,High Withdrawal,2.257116621
KAZ,Kazakhstan,2021,24.52,Normal value,Cubic meters per year,10.94,Estimated value,Percentage of land area,Moderate Cultivation,High Withdrawal,2.241316271
KAZ,Kazakhstan,2022,24.97,Normal value,Cubic meters per year,10.94,Estimated value,Percentage of land area,Moderate Cultivation,High Withdrawal,2.282449726
KEN,Kenya,2014,3.22,Imputed value (CCSA definition),Cubic meters per year,12.12,Estimated value,Percentage of land area,Moderate Cultivation,Medium Withdrawal,0.265676568
KEN,Kenya,2015,3.22,Estimated value,Cubic meters per year,12.09,Estimated value,Percentage of land area,Moderate Cultivation,Medium Withdrawal,0.266335815
KEN,Kenya,2016,4.03,Estimated value,Cubic meters per year,12.33,Estimated value,Percentage of land area,Moderate Cultivation,Medium Withdrawal,0.326845093
KEN,Kenya,2017,4.03,Imputed value (CCSA definition),Cubic meters per year,11.74,Estimated value,Percentage of land area,Moderate Cultivation,Medium Withdrawal,0.343270869
KEN,Kenya,2018,4.03,Imputed value (CCSA definition),Cubic meters per year,12.5,Estimated value,Percentage of land area,Moderate Cultivation,Medium Withdrawal,0.3224
KEN,Kenya,2019,4.03,Imputed value (CCSA definition),Cubic meters per year,12.61,Estimated value,Percentage of land area,Moderate Cultivation,Medium Withdrawal,0.319587629
KEN,Kenya,2020,4.03,Imputed value (CCSA definition),Cubic meters per year,12.19,Estimated value,Percentage of land area,Moderate Cultivation,Medium Withdrawal,0.330598852
KEN,Kenya,2021,4.03,Imputed value (CCSA definition),Cubic meters per year,12.32,Estimated value,Percentage of land area,Moderate Cultivation,Medium Withdrawal,0.32711039
KEN,Kenya,2022,4.03,Imputed value (CCSA definition),Cubic meters per year,12.06,Estimated value,Percentage of land area,Moderate Cultivation,Medium Withdrawal,0.334162521
PRK,"Korea, Dem. People's Rep.",2014,8.66,Imputed value (CCSA definition),Cubic meters per year,21.4,Estimated value,Percentage of land area,Moderate Cultivation,Medium Withdrawal,0.404672897
PRK,"Korea, Dem. People's Rep.",2015,8.66,Imputed value (CCSA definition),Cubic meters per year,21.41,Estimated value,Percentage of land area,Moderate Cultivation,Medium Withdrawal,0.404483886
PRK,"Korea, Dem. People's Rep.",2016,8.66,Imputed value (CCSA definition),Cubic meters per year,21.18,Estimated value,Percentage of land area,Moderate Cultivation,Medium Withdrawal,0.408876298
PRK,"Korea, Dem. People's Rep.",2017,8.66,Imputed value (CCSA definition),Cubic meters per year,21.13,Estimated value,Percentage of land area,Moderate Cultivation,Medium Withdrawal,0.409843824
PRK,"Korea, Dem. People's Rep.",2018,8.66,Imputed value (CCSA definition),Cubic meters per year,21.14,Estimated value,Percentage of land area,Moderate Cultivation,Medium Withdrawal,0.409649953
PRK,"Korea, Dem. People's Rep.",2019,8.66,Imputed value (CCSA definition),Cubic meters per year,21.11,Estimated value,Percentage of land area,Moderate Cultivation,Medium Withdrawal,0.410232117
PRK,"Korea, Dem. People's Rep.",2020,8.66,Imputed value (CCSA definition),Cubic meters per year,21.13,Estimated value,Percentage of land area,Moderate Cultivation,Medium Withdrawal,0.409843824
PRK,"Korea, Dem. People's Rep.",2021,8.66,Imputed value (CCSA definition),Cubic meters per year,21.12,Estimated value,Percentage of land area,Moderate Cultivation,Medium Withdrawal,0.410037879
PRK,"Korea, Dem. People's Rep.",2022,8.66,Imputed value (CCSA definition),Cubic meters per year,21.11,Estimated value,Percentage of land area,Moderate Cultivation,Medium Withdrawal,0.410232117
KOR,"Korea, Rep.",2014,29.2,Imputed value (CCSA definition),Cubic meters per year,16.86,Estimated value,Percentage of land area,Moderate Cultivation,High Withdrawal,1.731909846
KOR,"Korea, Rep.",2015,29.2,Imputed value (CCSA definition),Cubic meters per year,16.74,Estimated value,Percentage of land area,Moderate Cultivation,High Withdrawal,1.74432497
KOR,"Korea, Rep.",2016,29.2,Imputed value (CCSA definition),Cubic meters per year,16.38,Estimated value,Percentage of land area,Moderate Cultivation,High Withdrawal,1.782661783
KOR,"Korea, Rep.",2017,29.2,Imputed value (CCSA definition),Cubic meters per year,16.16,Estimated value,Percentage of land area,Moderate Cultivation,High Withdrawal,1.806930693
KOR,"Korea, Rep.",2018,29.2,Imputed value (CCSA definition),Cubic meters per year,15.91,Estimated value,Percentage of land area,Moderate Cultivation,High Withdrawal,1.835323696
KOR,"Korea, Rep.",2019,29.2,Imputed value (CCSA definition),Cubic meters per year,15.75,Estimated value,Percentage of land area,Moderate Cultivation,High Withdrawal,1.853968254
KOR,"Korea, Rep.",2020,29.2,Imputed value (CCSA definition),Cubic meters per year,15.59,Estimated value,Percentage of land area,Moderate Cultivation,High Withdrawal,1.87299551
KOR,"Korea, Rep.",2021,29.2,Imputed value (CCSA definition),Cubic meters per year,15.41,Estimated value,Percentage of land area,Moderate Cultivation,High Withdrawal,1.894873459
KOR,"Korea, Rep.",2022,29.2,Imputed value (CCSA definition),Cubic meters per year,15.22,Estimated value,Percentage of land area,Moderate Cultivation,High Withdrawal,1.918528252
KWT,Kuwait,2014,0.66,Estimated value,Cubic meters per year,0.9,Estimated value,Percentage of land area,Low Cultivation,Low Withdrawal,0.733333333
KWT,Kuwait,2015,0.68,Estimated value,Cubic meters per year,0.75,Estimated value,Percentage of land area,Low Cultivation,Low Withdrawal,0.906666667
KWT,Kuwait,2016,0.72,Estimated value,Cubic meters per year,0.79,Estimated value,Percentage of land area,Low Cultivation,Low Withdrawal,0.911392405
KWT,Kuwait,2017,0.77,Estimated value,Cubic meters per year,0.86,Estimated value,Percentage of land area,Low Cultivation,Low Withdrawal,0.895348837
KWT,Kuwait,2018,0.77,Estimated value,Cubic meters per year,0.79,Estimated value,Percentage of land area,Low Cultivation,Low Withdrawal,0.974683544
KWT,Kuwait,2019,0.77,Estimated value,Cubic meters per year,0.79,Estimated value,Percentage of land area,Low Cultivation,Low Withdrawal,0.974683544
KWT,Kuwait,2020,0.77,Estimated value,Cubic meters per year,0.79,Estimated value,Percentage of land area,Low Cultivation,Low Withdrawal,0.974683544
KWT,Kuwait,2021,0.77,Estimated value,Cubic meters per year,0.79,Estimated value,Percentage of land area,Low Cultivation,Low Withdrawal,0.974683544
KWT,Kuwait,2022,0.77,Estimated value,Cubic meters per year,0.79,Estimated value,Percentage of land area,Low Cultivation,Low Withdrawal,0.974683544
KGZ,Kyrgyz Republic,2014,7.71,Imputed value (CCSA definition),Cubic meters per year,6.78,Estimated value,Percentage of land area,Low Cultivation,Medium Withdrawal,1.137168142
KGZ,Kyrgyz Republic,2015,7.71,Imputed value (CCSA definition),Cubic meters per year,6.78,Estimated value,Percentage of land area,Low Cultivation,Medium Withdrawal,1.137168142
KGZ,Kyrgyz Republic,2016,7.71,Imputed value (CCSA definition),Cubic meters per year,6.82,Estimated value,Percentage of land area,Low Cultivation,Medium Withdrawal,1.130498534
KGZ,Kyrgyz Republic,2017,7.71,Imputed value (CCSA definition),Cubic meters per year,6.82,Estimated value,Percentage of land area,Low Cultivation,Medium Withdrawal,1.130498534
KGZ,Kyrgyz Republic,2018,7.71,Imputed value (CCSA definition),Cubic meters per year,6.83,Estimated value,Percentage of land area,Low Cultivation,Medium Withdrawal,1.128843338
KGZ,Kyrgyz Republic,2019,7.71,Imputed value (CCSA definition),Cubic meters per year,6.82,Estimated value,Percentage of land area,Low Cultivation,Medium Withdrawal,1.130498534
KGZ,Kyrgyz Republic,2020,7.71,Imputed value (CCSA definition),Cubic meters per year,6.82,Estimated value,Percentage of land area,Low Cultivation,Medium Withdrawal,1.130498534
KGZ,Kyrgyz Republic,2021,7.71,Imputed value (CCSA definition),Cubic meters per year,6.82,Estimated value,Percentage of land area,Low Cultivation,Medium Withdrawal,1.130498534
KGZ,Kyrgyz Republic,2022,7.71,Imputed value (CCSA definition),Cubic meters per year,6.82,Estimated value,Percentage of land area,Low Cultivation,Medium Withdrawal,1.130498534
LAO,Lao PDR,2014,7.57,Estimated value,Cubic meters per year,7.2,Estimated value,Percentage of land area,Low Cultivation,Medium Withdrawal,1.051388889
LAO,Lao PDR,2015,7.85,Estimated value,Cubic meters per year,7.31,Estimated value,Percentage of land area,Low Cultivation,Medium Withdrawal,1.073871409
LAO,Lao PDR,2016,7.66,Estimated value,Cubic meters per year,7.36,Estimated value,Percentage of land area,Low Cultivation,Medium Withdrawal,1.04076087
LAO,Lao PDR,2017,7.32,Estimated value,Cubic meters per year,7.08,Estimated value,Percentage of land area,Low Cultivation,Medium Withdrawal,1.033898305
LAO,Lao PDR,2018,7.32,Estimated value,Cubic meters per year,6.91,Estimated value,Percentage of land area,Low Cultivation,Medium Withdrawal,1.059334298
LAO,Lao PDR,2019,7.35,Estimated value,Cubic meters per year,6.66,Estimated value,Percentage of land area,Low Cultivation,Medium Withdrawal,1.103603604
LAO,Lao PDR,2020,7.35,Estimated value,Cubic meters per year,6.42,Estimated value,Percentage of land area,Low Cultivation,Medium Withdrawal,1.144859813
LAO,Lao PDR,2021,7.35,Estimated value,Cubic meters per year,6.42,Estimated value,Percentage of land area,Low Cultivation,Medium Withdrawal,1.144859813
LAO,Lao PDR,2022,7.35,Estimated value,Cubic meters per year,6.65,Estimated value,Percentage of land area,Low Cultivation,Medium Withdrawal,1.105263158
LVA,Latvia,2014,0.17,Estimated value,Cubic meters per year,18.84,Estimated value,Percentage of land area,Moderate Cultivation,Low Withdrawal,0.009023355
LVA,Latvia,2015,0.18,Normal value,Cubic meters per year,19.17,Estimated value,Percentage of land area,Moderate Cultivation,Low Withdrawal,0.009389671
LVA,Latvia,2016,0.19,Normal value,Cubic meters per year,20.1,Estimated value,Percentage of land area,Moderate Cultivation,Low Withdrawal,0.009452736
LVA,Latvia,2017,0.18,Normal value,Cubic meters per year,20.09,Estimated value,Percentage of land area,Moderate Cultivation,Low Withdrawal,0.008959681
LVA,Latvia,2018,0.18,Normal value,Cubic meters per year,20.17,Estimated value,Percentage of land area,Moderate Cultivation,Low Withdrawal,0.008924145
LVA,Latvia,2019,0.18,Normal value,Cubic meters per year,20.56,Estimated value,Percentage of land area,Moderate Cultivation,Low Withdrawal,0.008754864
LVA,Latvia,2020,0.18,Normal value,Cubic meters per year,20.79,Estimated value,Percentage of land area,Moderate Cultivation,Low Withdrawal,0.008658009
LVA,Latvia,2021,0.18,Normal value,Cubic meters per year,21.22,Estimated value,Percentage of land area,Moderate Cultivation,Low Withdrawal,0.008482564
LVA,Latvia,2022,0.17,Normal value,Cubic meters per year,21.16,Estimated value,Percentage of land area,Moderate Cultivation,Low Withdrawal,0.008034026
LBN,Lebanon,2014,1.74,Imputed value (CCSA definition),Cubic meters per year,25.07,Estimated value,Percentage of land area,Moderate Cultivation,Medium Withdrawal,0.069405664
LBN,Lebanon,2015,1.81,Estimated value,Cubic meters per year,25.36,Estimated value,Percentage of land area,Moderate Cultivation,Medium Withdrawal,0.07137224
LBN,Lebanon,2016,1.81,Imputed value (CCSA definition),Cubic meters per year,25.93,Estimated value,Percentage of land area,Moderate Cultivation,Medium Withdrawal,0.069803317
LBN,Lebanon,2017,1.81,Imputed value (CCSA definition),Cubic meters per year,26.16,Estimated value,Percentage of land area,Moderate Cultivation,Medium Withdrawal,0.069189602
LBN,Lebanon,2018,1.81,Imputed value (CCSA definition),Cubic meters per year,25.99,Estimated value,Percentage of land area,Moderate Cultivation,Medium Withdrawal,0.06964217
LBN,Lebanon,2019,1.81,Imputed value (CCSA definition),Cubic meters per year,25.96,Estimated value,Percentage of land area,Moderate Cultivation,Medium Withdrawal,0.06972265
LBN,Lebanon,2020,1.81,Imputed value (CCSA definition),Cubic meters per year,26.54,Estimated value,Percentage of land area,Moderate Cultivation,Medium Withdrawal,0.068198945
LBN,Lebanon,2021,1.81,Imputed value (CCSA definition),Cubic meters per year,26.73,Estimated value,Percentage of land area,Moderate Cultivation,Medium Withdrawal,0.067714179
LBN,Lebanon,2022,1.81,Imputed value (CCSA definition),Cubic meters per year,26.73,Estimated value,Percentage of land area,Moderate Cultivation,Medium Withdrawal,0.067714179
LSO,Lesotho,2014,0.04,Estimated value,Cubic meters per year,9.1,Estimated value,Percentage of land area,Low Cultivation,Low Withdrawal,0.004395604
LSO,Lesotho,2015,0.04,Estimated value,Cubic meters per year,7.35,Estimated value,Percentage of land area,Low Cultivation,Low Withdrawal,0.005442177
LSO,Lesotho,2016,0.04,Estimated value,Cubic meters per year,11.73,Estimated value,Percentage of land area,Moderate Cultivation,Low Withdrawal,0.00341006
LSO,Lesotho,2017,0.04,Estimated value,Cubic meters per year,13.77,Estimated value,Percentage of land area,Moderate Cultivation,Low Withdrawal,0.002904866
LSO,Lesotho,2018,0.04,Estimated value,Cubic meters per year,14.27,Estimated value,Percentage of land area,Moderate Cultivation,Low Withdrawal,0.002803083
LSO,Lesotho,2019,0.04,Estimated value,Cubic meters per year,14.26,Estimated value,Percentage of land area,Moderate Cultivation,Low Withdrawal,0.002805049
LSO,Lesotho,2020,0.04,Estimated value,Cubic meters per year,14.26,Estimated value,Percentage of land area,Moderate Cultivation,Low Withdrawal,0.002805049
LSO,Lesotho,2021,0.04,Estimated value,Cubic meters per year,14.26,Estimated value,Percentage of land area,Moderate Cultivation,Low Withdrawal,0.002805049
LSO,Lesotho,2022,0.04,Estimated value,Cubic meters per year,14.26,Estimated value,Percentage of land area,Moderate Cultivation,Low Withdrawal,0.002805049
LBR,Liberia,2014,0.15,Estimated value,Cubic meters per year,6.38,Estimated value,Percentage of land area,Low Cultivation,Low Withdrawal,0.023510972
LBR,Liberia,2015,0.15,Estimated value,Cubic meters per year,6.29,Estimated value,Percentage of land area,Low Cultivation,Low Withdrawal,0.023847377
LBR,Liberia,2016,0.15,Estimated value,Cubic meters per year,6.29,Estimated value,Percentage of land area,Low Cultivation,Low Withdrawal,0.023847377
LBR,Liberia,2017,0.15,Estimated value,Cubic meters per year,6.29,Estimated value,Percentage of land area,Low Cultivation,Low Withdrawal,0.023847377
LBR,Liberia,2018,0.15,Estimated value,Cubic meters per year,6.29,Estimated value,Percentage of land area,Low Cultivation,Low Withdrawal,0.023847377
LBR,Liberia,2019,0.15,Estimated value,Cubic meters per year,6.29,Estimated value,Percentage of land area,Low Cultivation,Low Withdrawal,0.023847377
LBR,Liberia,2020,0.15,Estimated value,Cubic meters per year,6.29,Estimated value,Percentage of land area,Low Cultivation,Low Withdrawal,0.023847377
LBR,Liberia,2021,0.15,Estimated value,Cubic meters per year,6.29,Estimated value,Percentage of land area,Low Cultivation,Low Withdrawal,0.023847377
LBR,Liberia,2022,0.15,Estimated value,Cubic meters per year,6.29,Estimated value,Percentage of land area,Low Cultivation,Low Withdrawal,0.023847377
LBY,Libya,2014,5.72,Imputed value (CCSA definition),Cubic meters per year,1.17,Estimated value,Percentage of land area,Low Cultivation,Medium Withdrawal,4.888888889
LBY,Libya,2015,5.72,Imputed value (CCSA definition),Cubic meters per year,1.17,Estimated value,Percentage of land area,Low Cultivation,Medium Withdrawal,4.888888889
LBY,Libya,2016,5.72,Imputed value (CCSA definition),Cubic meters per year,1.17,Estimated value,Percentage of land area,Low Cultivation,Medium Withdrawal,4.888888889
LBY,Libya,2017,5.72,Imputed value (CCSA definition),Cubic meters per year,1.17,Estimated value,Percentage of land area,Low Cultivation,Medium Withdrawal,4.888888889
LBY,Libya,2018,5.72,Imputed value (CCSA definition),Cubic meters per year,1.17,Estimated value,Percentage of land area,Low Cultivation,Medium Withdrawal,4.888888889
LBY,Libya,2019,5.72,Imputed value (CCSA definition),Cubic meters per year,1.17,Estimated value,Percentage of land area,Low Cultivation,Medium Withdrawal,4.888888889
LBY,Libya,2020,5.72,Imputed value (CCSA definition),Cubic meters per year,1.17,Estimated value,Percentage of land area,Low Cultivation,Medium Withdrawal,4.888888889
LBY,Libya,2021,5.72,Imputed value (CCSA definition),Cubic meters per year,1.17,Estimated value,Percentage of land area,Low Cultivation,Medium Withdrawal,4.888888889
LBY,Libya,2022,5.72,Imputed value (CCSA definition),Cubic meters per year,1.17,Estimated value,Percentage of land area,Low Cultivation,Medium Withdrawal,4.888888889
LTU,Lithuania,2014,0.36,Normal value,Cubic meters per year,36.52,Estimated value,Percentage of land area,High Cultivation,Low Withdrawal,0.009857612
LTU,Lithuania,2015,0.38,Normal value,Cubic meters per year,33.8,Estimated value,Percentage of land area,High Cultivation,Low Withdrawal,0.011242604
LTU,Lithuania,2016,0.31,Normal value,Cubic meters per year,33.35,Estimated value,Percentage of land area,High Cultivation,Low Withdrawal,0.009295352
LTU,Lithuania,2017,0.26,Normal value,Cubic meters per year,32.77,Estimated value,Percentage of land area,High Cultivation,Low Withdrawal,0.007934086
LTU,Lithuania,2018,0.25,Normal value,Cubic meters per year,32.95,Estimated value,Percentage of land area,High Cultivation,Low Withdrawal,0.007587253
LTU,Lithuania,2019,0.33,Imputed value (CCSA definition),Cubic meters per year,34.42,Estimated value,Percentage of land area,High Cultivation,Low Withdrawal,0.009587449
LTU,Lithuania,2020,0.4,Estimated value,Cubic meters per year,35,Estimated value,Percentage of land area,High Cultivation,Low Withdrawal,0.011428571
LTU,Lithuania,2021,0.35,Estimated value,Cubic meters per year,35.46,Estimated value,Percentage of land area,High Cultivation,Low Withdrawal,0.009870276
LTU,Lithuania,2022,0.3,Estimated value,Cubic meters per year,35.66,Estimated value,Percentage of land area,High Cultivation,Low Withdrawal,0.008412787
LUX,Luxembourg,2014,0.05,Estimated value,Cubic meters per year,24.77,Estimated value,Percentage of land area,Moderate Cultivation,Low Withdrawal,0.002018571
LUX,Luxembourg,2015,0.04,Normal value,Cubic meters per year,24.85,Estimated value,Percentage of land area,Moderate Cultivation,Low Withdrawal,0.001609658
LUX,Luxembourg,2016,0.04,Normal value,Cubic meters per year,24.48,Estimated value,Percentage of land area,Moderate Cultivation,Low Withdrawal,0.001633987
LUX,Luxembourg,2017,0.05,Normal value,Cubic meters per year,24.55,Estimated value,Percentage of land area,Moderate Cultivation,Low Withdrawal,0.00203666
LUX,Luxembourg,2018,0.05,Normal value,Cubic meters per year,24.59,Estimated value,Percentage of land area,Moderate Cultivation,Low Withdrawal,0.002033347
LUX,Luxembourg,2019,0.05,Normal value,Cubic meters per year,24.52,Estimated value,Percentage of land area,Moderate Cultivation,Low Withdrawal,0.002039152
LUX,Luxembourg,2020,0.05,Normal value,Cubic meters per year,24.59,Estimated value,Percentage of land area,Moderate Cultivation,Low Withdrawal,0.002033347
LUX,Luxembourg,2021,0.05,Estimated value,Cubic meters per year,24.72,Estimated value,Percentage of land area,Moderate Cultivation,Low Withdrawal,0.002022654
LUX,Luxembourg,2022,0.05,Estimated value,Cubic meters per year,24.52,Estimated value,Percentage of land area,Moderate Cultivation,Low Withdrawal,0.002039152
MDG,Madagascar,2014,13.46,Estimated value,Cubic meters per year,6.13,Estimated value,Percentage of land area,Low Cultivation,High Withdrawal,2.195758564
MDG,Madagascar,2015,13.46,Estimated value,Cubic meters per year,6.13,Estimated value,Percentage of land area,Low Cultivation,High Withdrawal,2.195758564
MDG,Madagascar,2016,13.46,Estimated value,Cubic meters per year,6.13,Estimated value,Percentage of land area,Low Cultivation,High Withdrawal,2.195758564
MDG,Madagascar,2017,13.46,Estimated value,Cubic meters per year,6.13,Estimated value,Percentage of land area,Low Cultivation,High Withdrawal,2.195758564
MDG,Madagascar,2018,13.46,Estimated value,Cubic meters per year,6.13,Estimated value,Percentage of land area,Low Cultivation,High Withdrawal,2.195758564
MDG,Madagascar,2019,13.46,Estimated value,Cubic meters per year,6.13,Estimated value,Percentage of land area,Low Cultivation,High Withdrawal,2.195758564
MDG,Madagascar,2020,13.46,Estimated value,Cubic meters per year,6.13,Estimated value,Percentage of land area,Low Cultivation,High Withdrawal,2.195758564
MDG,Madagascar,2021,13.46,Estimated value,Cubic meters per year,6.13,Estimated value,Percentage of land area,Low Cultivation,High Withdrawal,2.195758564
MDG,Madagascar,2022,13.46,Estimated value,Cubic meters per year,6.13,Estimated value,Percentage of land area,Low Cultivation,High Withdrawal,2.195758564
MWI,Malawi,2014,1.36,Imputed value (CCSA definition),Cubic meters per year,32.08,Estimated value,Percentage of land area,High Cultivation,Medium Withdrawal,0.042394015
MWI,Malawi,2015,1.36,Imputed value (CCSA definition),Cubic meters per year,32.55,Estimated value,Percentage of land area,High Cultivation,Medium Withdrawal,0.041781874
MWI,Malawi,2016,1.36,Imputed value (CCSA definition),Cubic meters per year,33.02,Estimated value,Percentage of land area,High Cultivation,Medium Withdrawal,0.041187159
MWI,Malawi,2017,1.36,Imputed value (CCSA definition),Cubic meters per year,33.48,Estimated value,Percentage of land area,High Cultivation,Medium Withdrawal,0.040621266
MWI,Malawi,2018,1.36,Imputed value (CCSA definition),Cubic meters per year,33.96,Estimated value,Percentage of land area,High Cultivation,Medium Withdrawal,0.040047114
MWI,Malawi,2019,1.36,Imputed value (CCSA definition),Cubic meters per year,34.42,Estimated value,Percentage of land area,High Cultivation,Medium Withdrawal,0.039511912
MWI,Malawi,2020,1.36,Imputed value (CCSA definition),Cubic meters per year,34.89,Estimated value,Percentage of land area,High Cultivation,Medium Withdrawal,0.03897965
MWI,Malawi,2021,1.36,Imputed value (CCSA definition),Cubic meters per year,35.45,Estimated value,Percentage of land area,High Cultivation,Medium Withdrawal,0.038363893
MWI,Malawi,2022,1.36,Imputed value (CCSA definition),Cubic meters per year,35.45,Estimated value,Percentage of land area,High Cultivation,Medium Withdrawal,0.038363893
MYS,Malaysia,2014,6.19,Imputed value (CCSA definition),Cubic meters per year,24.3,Estimated value,Percentage of land area,Moderate Cultivation,Medium Withdrawal,0.25473251
MYS,Malaysia,2015,6.23,Normal value,Cubic meters per year,25.08,Estimated value,Percentage of land area,Moderate Cultivation,Medium Withdrawal,0.248405104
MYS,Malaysia,2016,6.55,Normal value,Cubic meters per year,25.08,Estimated value,Percentage of land area,Moderate Cultivation,Medium Withdrawal,0.261164274
MYS,Malaysia,2017,6.71,Normal value,Cubic meters per year,25.05,Estimated value,Percentage of land area,Moderate Cultivation,Medium Withdrawal,0.267864271
MYS,Malaysia,2018,6.71,Imputed value (CCSA definition),Cubic meters per year,25.05,Estimated value,Percentage of land area,Moderate Cultivation,Medium Withdrawal,0.267864271
MYS,Malaysia,2019,6.71,Imputed value (CCSA definition),Cubic meters per year,25.05,Estimated value,Percentage of land area,Moderate Cultivation,Medium Withdrawal,0.267864271
MYS,Malaysia,2020,6.71,Imputed value (CCSA definition),Cubic meters per year,25.05,Estimated value,Percentage of land area,Moderate Cultivation,Medium Withdrawal,0.267864271
MYS,Malaysia,2021,6.71,Imputed value (CCSA definition),Cubic meters per year,25.05,Estimated value,Percentage of land area,Moderate Cultivation,Medium Withdrawal,0.267864271
MYS,Malaysia,2022,6.71,Imputed value (CCSA definition),Cubic meters per year,25.05,Estimated value,Percentage of land area,Moderate Cultivation,Medium Withdrawal,0.267864271
MDV,Maldives,2014,0,Imputed value (CCSA definition),Cubic meters per year,18,Estimated value,Percentage of land area,Moderate Cultivation,Low Withdrawal,0
MDV,Maldives,2015,0,Imputed value (CCSA definition),Cubic meters per year,18,Estimated value,Percentage of land area,Moderate Cultivation,Low Withdrawal,0
MDV,Maldives,2016,0,Imputed value (CCSA definition),Cubic meters per year,18,Estimated value,Percentage of land area,Moderate Cultivation,Low Withdrawal,0
MDV,Maldives,2017,0,Imputed value (CCSA definition),Cubic meters per year,18,Estimated value,Percentage of land area,Moderate Cultivation,Low Withdrawal,0
MDV,Maldives,2018,0,Imputed value (CCSA definition),Cubic meters per year,18,Estimated value,Percentage of land area,Moderate Cultivation,Low Withdrawal,0
MDV,Maldives,2019,0,Imputed value (CCSA definition),Cubic meters per year,18,Estimated value,Percentage of land area,Moderate Cultivation,Low Withdrawal,0
MDV,Maldives,2020,0,Imputed value (CCSA definition),Cubic meters per year,18,Estimated value,Percentage of land area,Moderate Cultivation,Low Withdrawal,0
MDV,Maldives,2021,0,Imputed value (CCSA definition),Cubic meters per year,16.33,Estimated value,Percentage of land area,Moderate Cultivation,Low Withdrawal,0
MDV,Maldives,2022,0,Imputed value (CCSA definition),Cubic meters per year,16.33,Estimated value,Percentage of land area,Moderate Cultivation,Low Withdrawal,0
MLI,Mali,2014,5.19,Imputed value (CCSA definition),Cubic meters per year,5.77,Estimated value,Percentage of land area,Low Cultivation,Medium Withdrawal,0.899480069
MLI,Mali,2015,5.19,Imputed value (CCSA definition),Cubic meters per year,5.9,Estimated value,Percentage of land area,Low Cultivation,Medium Withdrawal,0.879661017
MLI,Mali,2016,5.19,Imputed value (CCSA definition),Cubic meters per year,6.12,Estimated value,Percentage of land area,Low Cultivation,Medium Withdrawal,0.848039216
MLI,Mali,2017,5.19,Imputed value (CCSA definition),Cubic meters per year,6.25,Estimated value,Percentage of land area,Low Cultivation,Medium Withdrawal,0.8304
MLI,Mali,2018,5.19,Imputed value (CCSA definition),Cubic meters per year,6.42,Estimated value,Percentage of land area,Low Cultivation,Medium Withdrawal,0.808411215
MLI,Mali,2019,5.19,Imputed value (CCSA definition),Cubic meters per year,6.59,Estimated value,Percentage of land area,Low Cultivation,Medium Withdrawal,0.787556904
MLI,Mali,2020,5.19,Imputed value (CCSA definition),Cubic meters per year,6.75,Estimated value,Percentage of land area,Low Cultivation,Medium Withdrawal,0.768888889
MLI,Mali,2021,5.19,Imputed value (CCSA definition),Cubic meters per year,6.93,Estimated value,Percentage of land area,Low Cultivation,Medium Withdrawal,0.748917749
MLI,Mali,2022,5.19,Imputed value (CCSA definition),Cubic meters per year,6.96,Estimated value,Percentage of land area,Low Cultivation,Medium Withdrawal,0.745689655
MLT,Malta,2014,0.04,Figure from international organizations,Cubic meters per year,31.97,Estimated value,Percentage of land area,High Cultivation,Low Withdrawal,0.001251173
MLT,Malta,2015,0.04,Normal value,Cubic meters per year,31.97,Estimated value,Percentage of land area,High Cultivation,Low Withdrawal,0.001251173
MLT,Malta,2016,0.04,Normal value,Cubic meters per year,32.44,Estimated value,Percentage of land area,High Cultivation,Low Withdrawal,0.001233046
MLT,Malta,2017,0.05,Normal value,Cubic meters per year,32.44,Estimated value,Percentage of land area,High Cultivation,Low Withdrawal,0.001541307
MLT,Malta,2018,0.04,Normal value,Cubic meters per year,32.44,Estimated value,Percentage of land area,High Cultivation,Low Withdrawal,0.001233046
MLT,Malta,2019,0.04,Normal value,Cubic meters per year,32.44,Estimated value,Percentage of land area,High Cultivation,Low Withdrawal,0.001233046
MLT,Malta,2020,0.04,Normal value,Cubic meters per year,28.47,Estimated value,Percentage of land area,Moderate Cultivation,Low Withdrawal,0.001404988
MLT,Malta,2021,0.04,Normal value,Cubic meters per year,27.34,Estimated value,Percentage of land area,Moderate Cultivation,Low Withdrawal,0.001463058
MLT,Malta,2022,0.04,Normal value,Cubic meters per year,27.34,Estimated value,Percentage of land area,Moderate Cultivation,Low Withdrawal,0.001463058
MRT,Mauritania,2014,1.35,Estimated value,Cubic meters per year,0.45,Estimated value,Percentage of land area,Low Cultivation,Medium Withdrawal,3
MRT,Mauritania,2015,1.35,Estimated value,Cubic meters per year,0.45,Estimated value,Percentage of land area,Low Cultivation,Medium Withdrawal,3
MRT,Mauritania,2016,1.35,Estimated value,Cubic meters per year,0.45,Estimated value,Percentage of land area,Low Cultivation,Medium Withdrawal,3
MRT,Mauritania,2017,1.35,Estimated value,Cubic meters per year,0.45,Estimated value,Percentage of land area,Low Cultivation,Medium Withdrawal,3
MRT,Mauritania,2018,1.35,Estimated value,Cubic meters per year,0.45,Estimated value,Percentage of land area,Low Cultivation,Medium Withdrawal,3
MRT,Mauritania,2019,1.35,Estimated value,Cubic meters per year,0.45,Estimated value,Percentage of land area,Low Cultivation,Medium Withdrawal,3
MRT,Mauritania,2020,1.35,Estimated value,Cubic meters per year,0.45,Estimated value,Percentage of land area,Low Cultivation,Medium Withdrawal,3
MRT,Mauritania,2021,1.35,Estimated value,Cubic meters per year,0.45,Estimated value,Percentage of land area,Low Cultivation,Medium Withdrawal,3
MRT,Mauritania,2022,1.35,Estimated value,Cubic meters per year,0.45,Estimated value,Percentage of land area,Low Cultivation,Medium Withdrawal,3
MUS,Mauritius,2014,0.62,Normal value,Cubic meters per year,38.73,Estimated value,Percentage of land area,High Cultivation,Low Withdrawal,0.016008262
MUS,Mauritius,2015,0.61,Normal value,Cubic meters per year,38.73,Estimated value,Percentage of land area,High Cultivation,Low Withdrawal,0.015750065
MUS,Mauritius,2016,0.62,Normal value,Cubic meters per year,38.73,Estimated value,Percentage of land area,High Cultivation,Low Withdrawal,0.016008262
MUS,Mauritius,2017,0.61,Normal value,Cubic meters per year,39.36,Estimated value,Percentage of land area,High Cultivation,Low Withdrawal,0.015497967
MUS,Mauritius,2018,0.59,Normal value,Cubic meters per year,39.36,Estimated value,Percentage of land area,High Cultivation,Low Withdrawal,0.014989837
MUS,Mauritius,2019,0.6,Normal value,Cubic meters per year,39.36,Estimated value,Percentage of land area,High Cultivation,Low Withdrawal,0.015243902
MUS,Mauritius,2020,0.61,Normal value,Cubic meters per year,39.36,Estimated value,Percentage of land area,High Cultivation,Low Withdrawal,0.015497967
MUS,Mauritius,2021,0.6,Normal value,Cubic meters per year,39.36,Estimated value,Percentage of land area,High Cultivation,Low Withdrawal,0.015243902
MUS,Mauritius,2022,0.63,Normal value,Cubic meters per year,39.36,Estimated value,Percentage of land area,High Cultivation,Low Withdrawal,0.016006098
MEX,Mexico,2014,84.93,Estimated value,Cubic meters per year,12.64,Estimated value,Percentage of land area,Moderate Cultivation,Very High Withdrawal,6.71914557
MEX,Mexico,2015,85.66,Estimated value,Cubic meters per year,12.6,Estimated value,Percentage of land area,Moderate Cultivation,Very High Withdrawal,6.798412698
MEX,Mexico,2016,86.58,Normal value,Cubic meters per year,12.41,Estimated value,Percentage of land area,Moderate Cultivation,Very High Withdrawal,6.976631749
MEX,Mexico,2017,87.84,Normal value,Cubic meters per year,11.67,Estimated value,Percentage of land area,Moderate Cultivation,Very High Withdrawal,7.526992288
MEX,Mexico,2018,88.84,Normal value,Cubic meters per year,11.51,Estimated value,Percentage of land area,Moderate Cultivation,Very High Withdrawal,7.718505647
MEX,Mexico,2019,89.35,Normal value,Cubic meters per year,11.27,Estimated value,Percentage of land area,Moderate Cultivation,Very High Withdrawal,7.928127773
MEX,Mexico,2020,89.55,Normal value,Cubic meters per year,11.64,Estimated value,Percentage of land area,Moderate Cultivation,Very High Withdrawal,7.693298969
MEX,Mexico,2021,89.94,Normal value,Cubic meters per year,11.66,Estimated value,Percentage of land area,Moderate Cultivation,Very High Withdrawal,7.7135506
MEX,Mexico,2022,89.8,Normal value,Cubic meters per year,11.15,Estimated value,Percentage of land area,Moderate Cultivation,Very High Withdrawal,8.053811659
MDA,Moldova,2014,0.84,Estimated value,Cubic meters per year,58.08,Estimated value,Percentage of land area,High Cultivation,Low Withdrawal,0.01446281
MDA,Moldova,2015,0.84,Normal value,Cubic meters per year,58.23,Estimated value,Percentage of land area,High Cultivation,Low Withdrawal,0.014425554
MDA,Moldova,2016,0.84,Estimated value,Cubic meters per year,58.29,Estimated value,Percentage of land area,High Cultivation,Low Withdrawal,0.014410705
MDA,Moldova,2017,0.84,Normal value,Cubic meters per year,58.35,Estimated value,Percentage of land area,High Cultivation,Low Withdrawal,0.014395887
MDA,Moldova,2018,0.84,Normal value,Cubic meters per year,56.6,Estimated value,Percentage of land area,High Cultivation,Low Withdrawal,0.014840989
MDA,Moldova,2019,0.84,Normal value,Cubic meters per year,56.77,Estimated value,Percentage of land area,High Cultivation,Low Withdrawal,0.014796547
MDA,Moldova,2020,0.85,Normal value,Cubic meters per year,56.93,Estimated value,Percentage of land area,High Cultivation,Low Withdrawal,0.014930617
MDA,Moldova,2021,0.85,Imputed value (CCSA definition),Cubic meters per year,57.22,Estimated value,Percentage of land area,High Cultivation,Low Withdrawal,0.014854946
MDA,Moldova,2022,0.85,Imputed value (CCSA definition),Cubic meters per year,57.46,Estimated value,Percentage of land area,High Cultivation,Low Withdrawal,0.014792899
MNG,Mongolia,2014,0.45,Imputed value (CCSA definition),Cubic meters per year,0.84,Estimated value,Percentage of land area,Low Cultivation,Low Withdrawal,0.535714286
MNG,Mongolia,2015,0.43,Estimated value,Cubic meters per year,0.85,Estimated value,Percentage of land area,Low Cultivation,Low Withdrawal,0.505882353
MNG,Mongolia,2016,0.46,Estimated value,Cubic meters per year,0.85,Estimated value,Percentage of land area,Low Cultivation,Low Withdrawal,0.541176471
MNG,Mongolia,2017,0.46,Imputed value (CCSA definition),Cubic meters per year,0.85,Estimated value,Percentage of land area,Low Cultivation,Low Withdrawal,0.541176471
MNG,Mongolia,2018,0.46,Imputed value (CCSA definition),Cubic meters per year,0.85,Estimated value,Percentage of land area,Low Cultivation,Low Withdrawal,0.541176471
MNG,Mongolia,2019,0.46,Imputed value (CCSA definition),Cubic meters per year,0.71,Estimated value,Percentage of land area,Low Cultivation,Low Withdrawal,0.647887324
MNG,Mongolia,2020,0.46,Imputed value (CCSA definition),Cubic meters per year,0.72,Estimated value,Percentage of land area,Low Cultivation,Low Withdrawal,0.638888889
MNG,Mongolia,2021,0.46,Imputed value (CCSA definition),Cubic meters per year,0.72,Estimated value,Percentage of land area,Low Cultivation,Low Withdrawal,0.638888889
MNG,Mongolia,2022,0.46,Imputed value (CCSA definition),Cubic meters per year,0.73,Estimated value,Percentage of land area,Low Cultivation,Low Withdrawal,0.630136986
MNE,Montenegro,2014,1.25,Imputed value (CCSA definition),Cubic meters per year,0.99,Estimated value,Percentage of land area,Low Cultivation,Medium Withdrawal,1.262626263
MNE,Montenegro,2015,1.44,Estimated value,Cubic meters per year,1,Estimated value,Percentage of land area,Low Cultivation,Medium Withdrawal,1.44
MNE,Montenegro,2016,1.62,Imputed value (CCSA definition),Cubic meters per year,1.04,Estimated value,Percentage of land area,Low Cultivation,Medium Withdrawal,1.557692308
MNE,Montenegro,2017,1.8,Imputed value (CCSA definition),Cubic meters per year,1.06,Estimated value,Percentage of land area,Low Cultivation,Medium Withdrawal,1.698113208
MNE,Montenegro,2018,1.98,Imputed value (CCSA definition),Cubic meters per year,1.06,Estimated value,Percentage of land area,Low Cultivation,Medium Withdrawal,1.867924528
MNE,Montenegro,2019,2.17,Imputed value (CCSA definition),Cubic meters per year,1.09,Estimated value,Percentage of land area,Low Cultivation,Medium Withdrawal,1.990825688
MNE,Montenegro,2020,2.35,Estimated value,Cubic meters per year,1.06,Estimated value,Percentage of land area,Low Cultivation,Medium Withdrawal,2.216981132
MNE,Montenegro,2021,3.09,Estimated value,Cubic meters per year,1.04,Estimated value,Percentage of land area,Low Cultivation,Medium Withdrawal,2.971153846
MNE,Montenegro,2022,2.21,Estimated value,Cubic meters per year,1.01,Estimated value,Percentage of land area,Low Cultivation,Medium Withdrawal,2.188118812
MAR,Morocco,2014,10.57,Imputed value (CCSA definition),Cubic meters per year,20.34,Estimated value,Percentage of land area,Moderate Cultivation,High Withdrawal,0.519665683
MAR,Morocco,2015,10.57,Imputed value (CCSA definition),Cubic meters per year,20.26,Estimated value,Percentage of land area,Moderate Cultivation,High Withdrawal,0.52171767
MAR,Morocco,2016,10.57,Imputed value (CCSA definition),Cubic meters per year,22.11,Estimated value,Percentage of land area,Moderate Cultivation,High Withdrawal,0.478064224
MAR,Morocco,2017,10.57,Imputed value (CCSA definition),Cubic meters per year,22.5,Estimated value,Percentage of land area,Moderate Cultivation,High Withdrawal,0.469777778
MAR,Morocco,2018,10.57,Imputed value (CCSA definition),Cubic meters per year,21.33,Estimated value,Percentage of land area,Moderate Cultivation,High Withdrawal,0.495546179
MAR,Morocco,2019,10.57,Imputed value (CCSA definition),Cubic meters per year,19.29,Estimated value,Percentage of land area,Moderate Cultivation,High Withdrawal,0.547952307
MAR,Morocco,2020,10.57,Imputed value (CCSA definition),Cubic meters per year,20.96,Estimated value,Percentage of land area,Moderate Cultivation,High Withdrawal,0.504293893
MAR,Morocco,2021,10.57,Imputed value (CCSA definition),Cubic meters per year,20.81,Estimated value,Percentage of land area,Moderate Cultivation,High Withdrawal,0.50792888
MAR,Morocco,2022,10.57,Imputed value (CCSA definition),Cubic meters per year,20.81,Estimated value,Percentage of land area,Moderate Cultivation,High Withdrawal,0.50792888
MOZ,Mozambique,2014,1.43,Estimated value,Cubic meters per year,7.44,Estimated value,Percentage of land area,Low Cultivation,Medium Withdrawal,0.192204301
MOZ,Mozambique,2015,1.47,Estimated value,Cubic meters per year,7.44,Estimated value,Percentage of land area,Low Cultivation,Medium Withdrawal,0.197580645
MOZ,Mozambique,2016,1.47,Imputed value (CCSA definition),Cubic meters per year,7.57,Estimated value,Percentage of land area,Low Cultivation,Medium Withdrawal,0.194187583
MOZ,Mozambique,2017,1.47,Imputed value (CCSA definition),Cubic meters per year,7.44,Estimated value,Percentage of land area,Low Cultivation,Medium Withdrawal,0.197580645
MOZ,Mozambique,2018,1.47,Imputed value (CCSA definition),Cubic meters per year,7.44,Estimated value,Percentage of land area,Low Cultivation,Medium Withdrawal,0.197580645
MOZ,Mozambique,2019,1.47,Imputed value (CCSA definition),Cubic meters per year,7.44,Estimated value,Percentage of land area,Low Cultivation,Medium Withdrawal,0.197580645
MOZ,Mozambique,2020,1.47,Imputed value (CCSA definition),Cubic meters per year,7.44,Estimated value,Percentage of land area,Low Cultivation,Medium Withdrawal,0.197580645
MOZ,Mozambique,2021,1.47,Imputed value (CCSA definition),Cubic meters per year,7.44,Estimated value,Percentage of land area,Low Cultivation,Medium Withdrawal,0.197580645
MOZ,Mozambique,2022,1.47,Imputed value (CCSA definition),Cubic meters per year,7.44,Estimated value,Percentage of land area,Low Cultivation,Medium Withdrawal,0.197580645
MMR,Myanmar,2014,33.23,Imputed value (CCSA definition),Cubic meters per year,18.22,Estimated value,Percentage of land area,Moderate Cultivation,High Withdrawal,1.823819978
MMR,Myanmar,2015,33.23,Imputed value (CCSA definition),Cubic meters per year,18.39,Estimated value,Percentage of land area,Moderate Cultivation,High Withdrawal,1.806960305
MMR,Myanmar,2016,33.23,Imputed value (CCSA definition),Cubic meters per year,18.41,Estimated value,Percentage of land area,Moderate Cultivation,High Withdrawal,1.804997284
MMR,Myanmar,2017,33.23,Imputed value (CCSA definition),Cubic meters per year,18.58,Estimated value,Percentage of land area,Moderate Cultivation,High Withdrawal,1.788482239
MMR,Myanmar,2018,33.23,Imputed value (CCSA definition),Cubic meters per year,18.61,Estimated value,Percentage of land area,Moderate Cultivation,High Withdrawal,1.78559914
MMR,Myanmar,2019,33.23,Imputed value (CCSA definition),Cubic meters per year,18.48,Estimated value,Percentage of land area,Moderate Cultivation,High Withdrawal,1.798160173
MMR,Myanmar,2020,33.23,Imputed value (CCSA definition),Cubic meters per year,18.47,Estimated value,Percentage of land area,Moderate Cultivation,High Withdrawal,1.79913373
MMR,Myanmar,2021,33.23,Imputed value (CCSA definition),Cubic meters per year,18.47,Estimated value,Percentage of land area,Moderate Cultivation,High Withdrawal,1.79913373
MMR,Myanmar,2022,33.23,Imputed value (CCSA definition),Cubic meters per year,18.47,Estimated value,Percentage of land area,Moderate Cultivation,High Withdrawal,1.79913373
NAM,Namibia,2014,0.17,Imputed value (CCSA definition),Cubic meters per year,0.98,Estimated value,Percentage of land area,Low Cultivation,Low Withdrawal,0.173469388
NAM,Namibia,2015,0.16,Imputed value (CCSA definition),Cubic meters per year,0.98,Estimated value,Percentage of land area,Low Cultivation,Low Withdrawal,0.163265306
NAM,Namibia,2016,0.15,Imputed value (CCSA definition),Cubic meters per year,0.98,Estimated value,Percentage of land area,Low Cultivation,Low Withdrawal,0.153061224
NAM,Namibia,2017,0.15,Imputed value (CCSA definition),Cubic meters per year,0.98,Estimated value,Percentage of land area,Low Cultivation,Low Withdrawal,0.153061224
NAM,Namibia,2018,0.14,Imputed value (CCSA definition),Cubic meters per year,0.98,Estimated value,Percentage of land area,Low Cultivation,Low Withdrawal,0.142857143
NAM,Namibia,2019,0.13,Estimated value,Cubic meters per year,0.98,Estimated value,Percentage of land area,Low Cultivation,Low Withdrawal,0.132653061
NAM,Namibia,2020,0.12,Estimated value,Cubic meters per year,0.98,Estimated value,Percentage of land area,Low Cultivation,Low Withdrawal,0.12244898
NAM,Namibia,2021,0.1,Estimated value,Cubic meters per year,0.99,Estimated value,Percentage of land area,Low Cultivation,Low Withdrawal,0.101010101
NAM,Namibia,2022,0.1,Estimated value,Cubic meters per year,0.99,Estimated value,Percentage of land area,Low Cultivation,Low Withdrawal,0.101010101
NPL,Nepal,2014,9.5,Estimated value,Cubic meters per year,15.24,Estimated value,Percentage of land area,Moderate Cultivation,Medium Withdrawal,0.62335958
NPL,Nepal,2015,9.5,Estimated value,Cubic meters per year,15.04,Estimated value,Percentage of land area,Moderate Cultivation,Medium Withdrawal,0.631648936
NPL,Nepal,2016,9.5,Estimated value,Cubic meters per year,14.81,Estimated value,Percentage of land area,Moderate Cultivation,Medium Withdrawal,0.641458474
NPL,Nepal,2017,9.5,Estimated value,Cubic meters per year,14.63,Estimated value,Percentage of land area,Moderate Cultivation,Medium Withdrawal,0.649350649
NPL,Nepal,2018,9.5,Estimated value,Cubic meters per year,14.07,Estimated value,Percentage of land area,Moderate Cultivation,Medium Withdrawal,0.675195451
NPL,Nepal,2019,9.5,Estimated value,Cubic meters per year,13.88,Estimated value,Percentage of land area,Moderate Cultivation,Medium Withdrawal,0.68443804
NPL,Nepal,2020,9.5,Estimated value,Cubic meters per year,13.61,Estimated value,Percentage of land area,Moderate Cultivation,Medium Withdrawal,0.698016165
NPL,Nepal,2021,9.5,Estimated value,Cubic meters per year,13.44,Estimated value,Percentage of land area,Moderate Cultivation,Medium Withdrawal,0.706845238
NPL,Nepal,2022,9.5,Estimated value,Cubic meters per year,13.24,Estimated value,Percentage of land area,Moderate Cultivation,Medium Withdrawal,0.717522659
NLD,Netherlands,2014,9.49,Estimated value,Cubic meters per year,26.03,Estimated value,Percentage of land area,Moderate Cultivation,Medium Withdrawal,0.364579332
NLD,Netherlands,2015,8.41,Normal value,Cubic meters per year,26,Estimated value,Percentage of land area,Moderate Cultivation,Medium Withdrawal,0.323461538
NLD,Netherlands,2016,8.02,Normal value,Cubic meters per year,25.66,Estimated value,Percentage of land area,Moderate Cultivation,Medium Withdrawal,0.312548714
NLD,Netherlands,2017,7.92,Estimated value,Cubic meters per year,28.75,Estimated value,Percentage of land area,Moderate Cultivation,Medium Withdrawal,0.275478261
NLD,Netherlands,2018,8.09,Normal value,Cubic meters per year,28.32,Estimated value,Percentage of land area,Moderate Cultivation,Medium Withdrawal,0.285663842
NLD,Netherlands,2019,8.4,Normal value,Cubic meters per year,28.05,Estimated value,Percentage of land area,Moderate Cultivation,Medium Withdrawal,0.299465241
NLD,Netherlands,2020,8.31,Normal value,Cubic meters per year,27.87,Estimated value,Percentage of land area,Moderate Cultivation,Medium Withdrawal,0.298170075
NLD,Netherlands,2021,7.95,Normal value,Cubic meters per year,27.81,Estimated value,Percentage of land area,Moderate Cultivation,Medium Withdrawal,0.285868393
NLD,Netherlands,2022,8.23,Normal value,Cubic meters per year,27.87,Estimated value,Percentage of land area,Moderate Cultivation,Medium Withdrawal,0.295299605
NZL,New Zealand,2014,9.88,Figure from international organizations,Cubic meters per year,2.45,Estimated value,Percentage of land area,Low Cultivation,Medium Withdrawal,4.032653061
NZL,New Zealand,2015,9.88,Imputed value (CCSA definition),Cubic meters per year,2.04,Estimated value,Percentage of land area,Low Cultivation,Medium Withdrawal,4.843137255
NZL,New Zealand,2016,9.88,Imputed value (CCSA definition),Cubic meters per year,2.27,Estimated value,Percentage of land area,Low Cultivation,Medium Withdrawal,4.352422907
NZL,New Zealand,2017,9.88,Imputed value (CCSA definition),Cubic meters per year,2.08,Estimated value,Percentage of land area,Low Cultivation,Medium Withdrawal,4.75
NZL,New Zealand,2018,9.88,Imputed value (CCSA definition),Cubic meters per year,2.2,Estimated value,Percentage of land area,Low Cultivation,Medium Withdrawal,4.490909091
NZL,New Zealand,2019,9.88,Imputed value (CCSA definition),Cubic meters per year,2.32,Estimated value,Percentage of land area,Low Cultivation,Medium Withdrawal,4.25862069
NZL,New Zealand,2020,9.88,Imputed value (CCSA definition),Cubic meters per year,2.24,Estimated value,Percentage of land area,Low Cultivation,Medium Withdrawal,4.410714286
NZL,New Zealand,2021,9.88,Imputed value (CCSA definition),Cubic meters per year,2.58,Estimated value,Percentage of land area,Low Cultivation,Medium Withdrawal,3.829457364
NZL,New Zealand,2022,9.88,Imputed value (CCSA definition),Cubic meters per year,2.26,Estimated value,Percentage of land area,Low Cultivation,Medium Withdrawal,4.371681416
NIC,Nicaragua,2014,1.41,Estimated value,Cubic meters per year,13.8,Estimated value,Percentage of land area,Moderate Cultivation,Medium Withdrawal,0.102173913
NIC,Nicaragua,2015,1.39,Estimated value,Cubic meters per year,13.8,Estimated value,Percentage of land area,Moderate Cultivation,Medium Withdrawal,0.100724638
NIC,Nicaragua,2016,1.36,Estimated value,Cubic meters per year,13.8,Estimated value,Percentage of land area,Moderate Cultivation,Medium Withdrawal,0.098550725
NIC,Nicaragua,2017,1.33,Estimated value,Cubic meters per year,13.8,Estimated value,Percentage of land area,Moderate Cultivation,Medium Withdrawal,0.096376812
NIC,Nicaragua,2018,1.3,Estimated value,Cubic meters per year,13.8,Estimated value,Percentage of land area,Moderate Cultivation,Medium Withdrawal,0.094202899
NIC,Nicaragua,2019,1.27,Estimated value,Cubic meters per year,13.8,Estimated value,Percentage of land area,Moderate Cultivation,Medium Withdrawal,0.092028986
NIC,Nicaragua,2020,1.27,Estimated value,Cubic meters per year,13.8,Estimated value,Percentage of land area,Moderate Cultivation,Medium Withdrawal,0.092028986
NIC,Nicaragua,2021,1.27,Estimated value,Cubic meters per year,13.8,Estimated value,Percentage of land area,Moderate Cultivation,Medium Withdrawal,0.092028986
NIC,Nicaragua,2022,1.27,Estimated value,Cubic meters per year,13.8,Estimated value,Percentage of land area,Moderate Cultivation,Medium Withdrawal,0.092028986
NER,Niger,2014,1.51,Estimated value,Cubic meters per year,13.34,Estimated value,Percentage of land area,Moderate Cultivation,Medium Withdrawal,0.113193403
NER,Niger,2015,1.72,Estimated value,Cubic meters per year,13.35,Estimated value,Percentage of land area,Moderate Cultivation,Medium Withdrawal,0.128838951
NER,Niger,2016,1.75,Estimated value,Cubic meters per year,13.9,Estimated value,Percentage of land area,Moderate Cultivation,Medium Withdrawal,0.125899281
NER,Niger,2017,1.58,Estimated value,Cubic meters per year,14.06,Estimated value,Percentage of land area,Moderate Cultivation,Medium Withdrawal,0.112375533
NER,Niger,2018,2.43,Estimated value,Cubic meters per year,14.06,Estimated value,Percentage of land area,Moderate Cultivation,Medium Withdrawal,0.172830725
NER,Niger,2019,2.58,Estimated value,Cubic meters per year,14.06,Estimated value,Percentage of land area,Moderate Cultivation,Medium Withdrawal,0.183499289
NER,Niger,2020,2.58,Imputed value (CCSA definition),Cubic meters per year,14.06,Estimated value,Percentage of land area,Moderate Cultivation,Medium Withdrawal,0.183499289
NER,Niger,2021,2.58,Imputed value (CCSA definition),Cubic meters per year,14.06,Estimated value,Percentage of land area,Moderate Cultivation,Medium Withdrawal,0.183499289
NER,Niger,2022,2.58,Imputed value (CCSA definition),Cubic meters per year,14.06,Estimated value,Percentage of land area,Moderate Cultivation,Medium Withdrawal,0.183499289
NGA,Nigeria,2014,12.47,Estimated value,Cubic meters per year,45.77,Estimated value,Percentage of land area,High Cultivation,High Withdrawal,0.272449203
NGA,Nigeria,2015,12.47,Estimated value,Cubic meters per year,45.87,Estimated value,Percentage of land area,High Cultivation,High Withdrawal,0.271855243
NGA,Nigeria,2016,12.47,Estimated value,Cubic meters per year,45.96,Estimated value,Percentage of land area,High Cultivation,High Withdrawal,0.271322889
NGA,Nigeria,2017,12.47,Estimated value,Cubic meters per year,46.12,Estimated value,Percentage of land area,High Cultivation,High Withdrawal,0.270381613
NGA,Nigeria,2018,12.47,Estimated value,Cubic meters per year,46.63,Estimated value,Percentage of land area,High Cultivation,High Withdrawal,0.267424405
NGA,Nigeria,2019,12.47,Estimated value,Cubic meters per year,47.08,Estimated value,Percentage of land area,High Cultivation,High Withdrawal,0.264868309
NGA,Nigeria,2020,12.47,Estimated value,Cubic meters per year,47.46,Estimated value,Percentage of land area,High Cultivation,High Withdrawal,0.262747577
NGA,Nigeria,2021,12.47,Estimated value,Cubic meters per year,48.26,Estimated value,Percentage of land area,High Cultivation,High Withdrawal,0.258392043
NGA,Nigeria,2022,12.47,Estimated value,Cubic meters per year,48.32,Estimated value,Percentage of land area,High Cultivation,High Withdrawal,0.258071192
MKD,North Macedonia,2014,0.68,Imputed value (CCSA definition),Cubic meters per year,17.5,Estimated value,Percentage of land area,Moderate Cultivation,Low Withdrawal,0.038857143
MKD,North Macedonia,2015,0.86,Imputed value (CCSA definition),Cubic meters per year,17.62,Estimated value,Percentage of land area,Moderate Cultivation,Low Withdrawal,0.048808173
MKD,North Macedonia,2016,1.04,Estimated value,Cubic meters per year,17.74,Estimated value,Percentage of land area,Moderate Cultivation,Medium Withdrawal,0.058624577
MKD,North Macedonia,2017,1.6,Imputed value (CCSA definition),Cubic meters per year,17.78,Estimated value,Percentage of land area,Moderate Cultivation,Medium Withdrawal,0.089988751
MKD,North Macedonia,2018,2.15,Figure from international organizations,Cubic meters per year,17.85,Estimated value,Percentage of land area,Moderate Cultivation,Medium Withdrawal,0.120448179
MKD,North Macedonia,2019,1.6,Figure from international organizations,Cubic meters per year,17.89,Estimated value,Percentage of land area,Moderate Cultivation,Medium Withdrawal,0.089435439
MKD,North Macedonia,2020,1.44,Figure from international organizations,Cubic meters per year,17.78,Estimated value,Percentage of land area,Moderate Cultivation,Medium Withdrawal,0.080989876
MKD,North Macedonia,2021,1.57,Figure from international organizations,Cubic meters per year,17.81,Estimated value,Percentage of land area,Moderate Cultivation,Medium Withdrawal,0.088152723
MKD,North Macedonia,2022,2.17,Figure from international organizations,Cubic meters per year,17.74,Estimated value,Percentage of land area,Moderate Cultivation,Medium Withdrawal,0.122322435
NOR,Norway,2014,2.78,Estimated value,Cubic meters per year,1.3,Estimated value,Percentage of land area,Low Cultivation,Medium Withdrawal,2.138461538
NOR,Norway,2015,2.71,Estimated value,Cubic meters per year,1.3,Estimated value,Percentage of land area,Low Cultivation,Medium Withdrawal,2.084615385
NOR,Norway,2016,2.65,Estimated value,Cubic meters per year,1.29,Estimated value,Percentage of land area,Low Cultivation,Medium Withdrawal,2.054263566
NOR,Norway,2017,2.69,Estimated value,Cubic meters per year,2.09,Estimated value,Percentage of land area,Low Cultivation,Medium Withdrawal,1.28708134
NOR,Norway,2018,2.69,Estimated value,Cubic meters per year,2.09,Estimated value,Percentage of land area,Low Cultivation,Medium Withdrawal,1.28708134
NOR,Norway,2019,2.69,Estimated value,Cubic meters per year,2.09,Estimated value,Percentage of land area,Low Cultivation,Medium Withdrawal,1.28708134
NOR,Norway,2020,2.68,Estimated value,Cubic meters per year,2.1,Estimated value,Percentage of land area,Low Cultivation,Medium Withdrawal,1.276190476
NOR,Norway,2021,2.64,Estimated value,Cubic meters per year,2.1,Estimated value,Percentage of land area,Low Cultivation,Medium Withdrawal,1.257142857
NOR,Norway,2022,2.69,Estimated value,Cubic meters per year,2.1,Estimated value,Percentage of land area,Low Cultivation,Medium Withdrawal,1.280952381
OMN,Oman,2014,1.63,Imputed value (CCSA definition),Cubic meters per year,0.22,Estimated value,Percentage of land area,Low Cultivation,Medium Withdrawal,7.409090909
OMN,Oman,2015,1.63,Normal value,Cubic meters per year,0.27,Estimated value,Percentage of land area,Low Cultivation,Medium Withdrawal,6.037037037
OMN,Oman,2016,1.63,Normal value,Cubic meters per year,0.27,Estimated value,Percentage of land area,Low Cultivation,Medium Withdrawal,6.037037037
OMN,Oman,2017,1.63,Normal value,Cubic meters per year,0.33,Estimated value,Percentage of land area,Low Cultivation,Medium Withdrawal,4.939393939
OMN,Oman,2018,1.63,Normal value,Cubic meters per year,0.35,Estimated value,Percentage of land area,Low Cultivation,Medium Withdrawal,4.657142857
OMN,Oman,2019,1.63,Normal value,Cubic meters per year,0.35,Estimated value,Percentage of land area,Low Cultivation,Medium Withdrawal,4.657142857
OMN,Oman,2020,1.63,Normal value,Cubic meters per year,0.36,Estimated value,Percentage of land area,Low Cultivation,Medium Withdrawal,4.527777778
OMN,Oman,2021,1.63,Imputed value (CCSA definition),Cubic meters per year,0.35,Estimated value,Percentage of land area,Low Cultivation,Medium Withdrawal,4.657142857
OMN,Oman,2022,1.63,Imputed value (CCSA definition),Cubic meters per year,0.38,Estimated value,Percentage of land area,Low Cultivation,Medium Withdrawal,4.289473684
PAK,Pakistan,2014,194.87,Estimated value,Cubic meters per year,39.26,Estimated value,Percentage of land area,High Cultivation,Very High Withdrawal,4.963576159
PAK,Pakistan,2015,196.91,Estimated value,Cubic meters per year,39.19,Estimated value,Percentage of land area,High Cultivation,Very High Withdrawal,5.024496045
PAK,Pakistan,2016,199.77,Normal value,Cubic meters per year,39.94,Estimated value,Percentage of land area,High Cultivation,Very High Withdrawal,5.001752629
PAK,Pakistan,2017,199.97,Normal value,Cubic meters per year,40.2,Estimated value,Percentage of land area,High Cultivation,Very High Withdrawal,4.974378109
PAK,Pakistan,2018,192.74,Normal value,Cubic meters per year,40.14,Estimated value,Percentage of land area,High Cultivation,Very High Withdrawal,4.801694071
PAK,Pakistan,2019,177.11,Normal value,Cubic meters per year,39.28,Estimated value,Percentage of land area,High Cultivation,Very High Withdrawal,4.508910387
PAK,Pakistan,2020,189.59,Normal value,Cubic meters per year,39.79,Estimated value,Percentage of land area,High Cultivation,Very High Withdrawal,4.764765016
PAK,Pakistan,2021,184.16,Normal value,Cubic meters per year,38.96,Estimated value,Percentage of land area,High Cultivation,Very High Withdrawal,4.726899384
PAK,Pakistan,2022,179.3,Normal value,Cubic meters per year,38.87,Estimated value,Percentage of land area,High Cultivation,Very High Withdrawal,4.612811937
PAN,Panama,2014,1.2,Estimated value,Cubic meters per year,9.6,Estimated value,Percentage of land area,Low Cultivation,Medium Withdrawal,0.125
PAN,Panama,2015,1.25,Estimated value,Cubic meters per year,9.47,Estimated value,Percentage of land area,Low Cultivation,Medium Withdrawal,0.131995776
PAN,Panama,2016,1.21,Estimated value,Cubic meters per year,9.33,Estimated value,Percentage of land area,Low Cultivation,Medium Withdrawal,0.129689175
PAN,Panama,2017,1.21,Imputed value (CCSA definition),Cubic meters per year,9.23,Estimated value,Percentage of land area,Low Cultivation,Medium Withdrawal,0.131094258
PAN,Panama,2018,1.21,Imputed value (CCSA definition),Cubic meters per year,9.08,Estimated value,Percentage of land area,Low Cultivation,Medium Withdrawal,0.133259912
PAN,Panama,2019,1.21,Imputed value (CCSA definition),Cubic meters per year,8.95,Estimated value,Percentage of land area,Low Cultivation,Medium Withdrawal,0.135195531
PAN,Panama,2020,1.21,Imputed value (CCSA definition),Cubic meters per year,8.83,Estimated value,Percentage of land area,Low Cultivation,Medium Withdrawal,0.137032843
PAN,Panama,2021,1.21,Imputed value (CCSA definition),Cubic meters per year,8.93,Estimated value,Percentage of land area,Low Cultivation,Medium Withdrawal,0.13549832
PAN,Panama,2022,1.21,Imputed value (CCSA definition),Cubic meters per year,8.93,Estimated value,Percentage of land area,Low Cultivation,Medium Withdrawal,0.13549832
PNG,Papua New Guinea,2014,0.39,Imputed value (CCSA definition),Cubic meters per year,2.41,Estimated value,Percentage of land area,Low Cultivation,Low Withdrawal,0.161825726
PNG,Papua New Guinea,2015,0.39,Imputed value (CCSA definition),Cubic meters per year,2.45,Estimated value,Percentage of land area,Low Cultivation,Low Withdrawal,0.159183673
PNG,Papua New Guinea,2016,0.39,Imputed value (CCSA definition),Cubic meters per year,2.46,Estimated value,Percentage of land area,Low Cultivation,Low Withdrawal,0.158536585
PNG,Papua New Guinea,2017,0.39,Imputed value (CCSA definition),Cubic meters per year,2.63,Estimated value,Percentage of land area,Low Cultivation,Low Withdrawal,0.148288973
PNG,Papua New Guinea,2018,0.39,Imputed value (CCSA definition),Cubic meters per year,2.63,Estimated value,Percentage of land area,Low Cultivation,Low Withdrawal,0.148288973
PNG,Papua New Guinea,2019,0.39,Imputed value (CCSA definition),Cubic meters per year,2.63,Estimated value,Percentage of land area,Low Cultivation,Low Withdrawal,0.148288973
PNG,Papua New Guinea,2020,0.39,Imputed value (CCSA definition),Cubic meters per year,2.63,Estimated value,Percentage of land area,Low Cultivation,Low Withdrawal,0.148288973
PNG,Papua New Guinea,2021,0.39,Imputed value (CCSA definition),Cubic meters per year,2.63,Estimated value,Percentage of land area,Low Cultivation,Low Withdrawal,0.148288973
PNG,Papua New Guinea,2022,0.39,Imputed value (CCSA definition),Cubic meters per year,2.63,Estimated value,Percentage of land area,Low Cultivation,Low Withdrawal,0.148288973
PRY,Paraguay,2014,2.41,Imputed value (CCSA definition),Cubic meters per year,10.13,Estimated value,Percentage of land area,Moderate Cultivation,Medium Withdrawal,0.237907206
PRY,Paraguay,2015,2.41,Imputed value (CCSA definition),Cubic meters per year,10.27,Estimated value,Percentage of land area,Moderate Cultivation,Medium Withdrawal,0.23466407
PRY,Paraguay,2016,2.41,Imputed value (CCSA definition),Cubic meters per year,10.41,Estimated value,Percentage of land area,Moderate Cultivation,Medium Withdrawal,0.231508165
PRY,Paraguay,2017,2.41,Imputed value (CCSA definition),Cubic meters per year,10.55,Estimated value,Percentage of land area,Moderate Cultivation,Medium Withdrawal,0.228436019
PRY,Paraguay,2018,2.41,Imputed value (CCSA definition),Cubic meters per year,10.7,Estimated value,Percentage of land area,Moderate Cultivation,Medium Withdrawal,0.225233645
PRY,Paraguay,2019,2.41,Imputed value (CCSA definition),Cubic meters per year,10.85,Estimated value,Percentage of land area,Moderate Cultivation,Medium Withdrawal,0.222119816
PRY,Paraguay,2020,2.41,Imputed value (CCSA definition),Cubic meters per year,10.99,Estimated value,Percentage of land area,Moderate Cultivation,Medium Withdrawal,0.219290264
PRY,Paraguay,2021,2.41,Imputed value (CCSA definition),Cubic meters per year,11.13,Estimated value,Percentage of land area,Moderate Cultivation,Medium Withdrawal,0.216531896
PRY,Paraguay,2022,2.41,Imputed value (CCSA definition),Cubic meters per year,11.45,Estimated value,Percentage of land area,Moderate Cultivation,Medium Withdrawal,0.210480349
PER,Peru,2014,27.82,Imputed value (CCSA definition),Cubic meters per year,4.23,Estimated value,Percentage of land area,Low Cultivation,High Withdrawal,6.576832151
PER,Peru,2015,30.19,Imputed value (CCSA definition),Cubic meters per year,4.59,Estimated value,Percentage of land area,Low Cultivation,High Withdrawal,6.577342048
PER,Peru,2016,32.57,Imputed value (CCSA definition),Cubic meters per year,4.39,Estimated value,Percentage of land area,Low Cultivation,High Withdrawal,7.419134396
PER,Peru,2017,34.95,Imputed value (CCSA definition),Cubic meters per year,4.45,Estimated value,Percentage of land area,Low Cultivation,High Withdrawal,7.853932584
PER,Peru,2018,37.32,Estimated value,Cubic meters per year,4.59,Estimated value,Percentage of land area,Low Cultivation,High Withdrawal,8.130718954
PER,Peru,2019,38.55,Normal value,Cubic meters per year,4.42,Estimated value,Percentage of land area,Low Cultivation,High Withdrawal,8.721719457
PER,Peru,2020,38.55,Normal value,Cubic meters per year,4.82,Estimated value,Percentage of land area,Low Cultivation,High Withdrawal,7.997925311
PER,Peru,2021,24.57,Normal value,Cubic meters per year,5.23,Estimated value,Percentage of land area,Low Cultivation,High Withdrawal,4.69789675
PER,Peru,2022,25.92,Normal value,Cubic meters per year,4.82,Estimated value,Percentage of land area,Low Cultivation,High Withdrawal,5.377593361
PHL,Philippines,2014,84.43,Estimated value,Cubic meters per year,36.66,Estimated value,Percentage of land area,High Cultivation,Very High Withdrawal,2.303055101
PHL,Philippines,2015,86.4,Estimated value,Cubic meters per year,36.76,Estimated value,Percentage of land area,High Cultivation,Very High Withdrawal,2.350380849
PHL,Philippines,2016,87.12,Estimated value,Cubic meters per year,36.85,Estimated value,Percentage of land area,High Cultivation,Very High Withdrawal,2.364179104
PHL,Philippines,2017,91.79,Normal value,Cubic meters per year,36.97,Estimated value,Percentage of land area,High Cultivation,Very High Withdrawal,2.482823911
PHL,Philippines,2018,92.16,Normal value,Cubic meters per year,37.04,Estimated value,Percentage of land area,High Cultivation,Very High Withdrawal,2.48812095
PHL,Philippines,2019,85.99,Normal value,Cubic meters per year,37.12,Estimated value,Percentage of land area,High Cultivation,Very High Withdrawal,2.316540948
PHL,Philippines,2020,87.48,Normal value,Cubic meters per year,37.2,Estimated value,Percentage of land area,High Cultivation,Very High Withdrawal,2.351612903
PHL,Philippines,2021,89,Normal value,Cubic meters per year,37.28,Estimated value,Percentage of land area,High Cultivation,Very High Withdrawal,2.387339056
PHL,Philippines,2022,91.04,Normal value,Cubic meters per year,37.28,Estimated value,Percentage of land area,High Cultivation,Very High Withdrawal,2.442060086
POL,Poland,2014,10.63,Estimated value,Cubic meters per year,36.15,Estimated value,Percentage of land area,High Cultivation,High Withdrawal,0.294052559
POL,Poland,2015,10.45,Estimated value,Cubic meters per year,36.07,Estimated value,Percentage of land area,High Cultivation,High Withdrawal,0.289714444
POL,Poland,2016,10.29,Estimated value,Cubic meters per year,35.82,Estimated value,Percentage of land area,High Cultivation,High Withdrawal,0.287269682
POL,Poland,2017,10.08,Normal value,Cubic meters per year,36.11,Estimated value,Percentage of land area,High Cultivation,High Withdrawal,0.279147051
POL,Poland,2018,9.6,Normal value,Cubic meters per year,36.34,Estimated value,Percentage of land area,High Cultivation,Medium Withdrawal,0.264171712
POL,Poland,2019,8.98,Normal value,Cubic meters per year,36.44,Estimated value,Percentage of land area,High Cultivation,Medium Withdrawal,0.246432492
POL,Poland,2020,8.67,Normal value,Cubic meters per year,36.87,Estimated value,Percentage of land area,High Cultivation,Medium Withdrawal,0.235150529
POL,Poland,2021,9.27,Normal value,Cubic meters per year,36.64,Estimated value,Percentage of land area,High Cultivation,Medium Withdrawal,0.253002183
POL,Poland,2022,9.38,Normal value,Cubic meters per year,36.92,Estimated value,Percentage of land area,High Cultivation,Medium Withdrawal,0.254062839
PRT,Portugal,2014,8.68,Imputed value (CCSA definition),Cubic meters per year,20.03,Estimated value,Percentage of land area,Moderate Cultivation,Medium Withdrawal,0.433349975
PRT,Portugal,2015,8.61,Imputed value (CCSA definition),Cubic meters per year,19.76,Estimated value,Percentage of land area,Moderate Cultivation,Medium Withdrawal,0.435728745
PRT,Portugal,2016,8.55,Estimated value,Cubic meters per year,18.9,Estimated value,Percentage of land area,Moderate Cultivation,Medium Withdrawal,0.452380952
PRT,Portugal,2017,6.16,Estimated value,Cubic meters per year,18.85,Estimated value,Percentage of land area,Moderate Cultivation,Medium Withdrawal,0.326790451
PRT,Portugal,2018,6.13,Estimated value,Cubic meters per year,18.91,Estimated value,Percentage of land area,Moderate Cultivation,Medium Withdrawal,0.324167107
PRT,Portugal,2019,6.13,Imputed value (CCSA definition),Cubic meters per year,20.17,Estimated value,Percentage of land area,Moderate Cultivation,Medium Withdrawal,0.303916708
PRT,Portugal,2020,6.13,Imputed value (CCSA definition),Cubic meters per year,19.96,Estimated value,Percentage of land area,Moderate Cultivation,Medium Withdrawal,0.307114228
PRT,Portugal,2021,6.13,Imputed value (CCSA definition),Cubic meters per year,19.86,Estimated value,Percentage of land area,Moderate Cultivation,Medium Withdrawal,0.308660624
PRT,Portugal,2022,6.13,Imputed value (CCSA definition),Cubic meters per year,19.51,Estimated value,Percentage of land area,Moderate Cultivation,Medium Withdrawal,0.314197847
QAT,Qatar,2014,0.25,Normal value,Cubic meters per year,1.81,Estimated value,Percentage of land area,Low Cultivation,Low Withdrawal,0.138121547
QAT,Qatar,2015,0.25,Normal value,Cubic meters per year,1.81,Estimated value,Percentage of land area,Low Cultivation,Low Withdrawal,0.138121547
QAT,Qatar,2016,0.25,Normal value,Cubic meters per year,1.81,Estimated value,Percentage of land area,Low Cultivation,Low Withdrawal,0.138121547
QAT,Qatar,2017,0.25,Normal value,Cubic meters per year,1.91,Estimated value,Percentage of land area,Low Cultivation,Low Withdrawal,0.130890052
QAT,Qatar,2018,0.25,Normal value,Cubic meters per year,2.09,Estimated value,Percentage of land area,Low Cultivation,Low Withdrawal,0.119617225
QAT,Qatar,2019,0.25,Normal value,Cubic meters per year,2.09,Estimated value,Percentage of land area,Low Cultivation,Low Withdrawal,0.119617225
QAT,Qatar,2020,0.25,Normal value,Cubic meters per year,2.09,Estimated value,Percentage of land area,Low Cultivation,Low Withdrawal,0.119617225
QAT,Qatar,2021,0.25,Normal value,Cubic meters per year,2.09,Estimated value,Percentage of land area,Low Cultivation,Low Withdrawal,0.119617225
QAT,Qatar,2022,0.25,Normal value,Cubic meters per year,2.09,Estimated value,Percentage of land area,Low Cultivation,Low Withdrawal,0.119617225
ROU,Romania,2014,6.28,Estimated value,Cubic meters per year,38.6,Estimated value,Percentage of land area,High Cultivation,Medium Withdrawal,0.162694301
ROU,Romania,2015,6.46,Normal value,Cubic meters per year,38.6,Estimated value,Percentage of land area,High Cultivation,Medium Withdrawal,0.167357513
ROU,Romania,2016,6.37,Normal value,Cubic meters per year,37.75,Estimated value,Percentage of land area,High Cultivation,Medium Withdrawal,0.168741722
ROU,Romania,2017,6.77,Normal value,Cubic meters per year,37.58,Estimated value,Percentage of land area,High Cultivation,Medium Withdrawal,0.180149015
ROU,Romania,2018,6.42,Normal value,Cubic meters per year,38.28,Estimated value,Percentage of land area,High Cultivation,Medium Withdrawal,0.167711599
ROU,Romania,2019,6.99,Normal value,Cubic meters per year,39.34,Estimated value,Percentage of land area,High Cultivation,Medium Withdrawal,0.177681749
ROU,Romania,2020,7.4,Normal value,Cubic meters per year,37.27,Estimated value,Percentage of land area,High Cultivation,Medium Withdrawal,0.198551113
ROU,Romania,2021,7.86,Normal value,Cubic meters per year,37.71,Estimated value,Percentage of land area,High Cultivation,Medium Withdrawal,0.208432776
ROU,Romania,2022,8.15,Normal value,Cubic meters per year,36.09,Estimated value,Percentage of land area,High Cultivation,Medium Withdrawal,0.225824328
RUS,Russian Federation,2014,70.81,Estimated value,Cubic meters per year,7.22,Estimated value,Percentage of land area,Low Cultivation,Very High Withdrawal,9.807479224
RUS,Russian Federation,2015,62.44,Normal value,Cubic meters per year,7.22,Estimated value,Percentage of land area,Low Cultivation,Very High Withdrawal,8.648199446
RUS,Russian Federation,2016,64.79,Normal value,Cubic meters per year,7.22,Estimated value,Percentage of land area,Low Cultivation,Very High Withdrawal,8.973684211
RUS,Russian Federation,2017,64.41,Normal value,Cubic meters per year,7.22,Estimated value,Percentage of land area,Low Cultivation,Very High Withdrawal,8.921052632
RUS,Russian Federation,2018,64.82,Normal value,Cubic meters per year,7.22,Estimated value,Percentage of land area,Low Cultivation,Very High Withdrawal,8.977839335
RUS,Russian Federation,2019,64.82,Imputed value (CCSA definition),Cubic meters per year,7.22,Estimated value,Percentage of land area,Low Cultivation,Very High Withdrawal,8.977839335
RUS,Russian Federation,2020,64.82,Imputed value (CCSA definition),Cubic meters per year,7.22,Estimated value,Percentage of land area,Low Cultivation,Very High Withdrawal,8.977839335
RUS,Russian Federation,2021,64.82,Imputed value (CCSA definition),Cubic meters per year,7.22,Estimated value,Percentage of land area,Low Cultivation,Very High Withdrawal,8.977839335
RUS,Russian Federation,2022,64.82,Imputed value (CCSA definition),Cubic meters per year,7.22,Estimated value,Percentage of land area,Low Cultivation,Very High Withdrawal,8.977839335
RWA,Rwanda,2014,0.48,Estimated value,Cubic meters per year,60.59,Estimated value,Percentage of land area,Very High Cultivation,Low Withdrawal,0.007922099
RWA,Rwanda,2015,0.5,Estimated value,Cubic meters per year,60.63,Estimated value,Percentage of land area,Very High Cultivation,Low Withdrawal,0.008246743
RWA,Rwanda,2016,0.53,Estimated value,Cubic meters per year,60.63,Estimated value,Percentage of land area,Very High Cultivation,Low Withdrawal,0.008741547
RWA,Rwanda,2017,0.55,Estimated value,Cubic meters per year,60.71,Estimated value,Percentage of land area,Very High Cultivation,Low Withdrawal,0.009059463
RWA,Rwanda,2018,0.58,Estimated value,Cubic meters per year,58.66,Estimated value,Percentage of land area,High Cultivation,Low Withdrawal,0.009887487
RWA,Rwanda,2019,0.61,Normal value,Cubic meters per year,57.02,Estimated value,Percentage of land area,High Cultivation,Low Withdrawal,0.010698001
RWA,Rwanda,2020,0.61,Imputed value (CCSA definition),Cubic meters per year,59.25,Estimated value,Percentage of land area,High Cultivation,Low Withdrawal,0.010295359
RWA,Rwanda,2021,0.61,Normal value,Cubic meters per year,61.44,Estimated value,Percentage of land area,Very High Cultivation,Low Withdrawal,0.009928385
RWA,Rwanda,2022,0.61,Imputed value (CCSA definition),Cubic meters per year,61.44,Estimated value,Percentage of land area,Very High Cultivation,Low Withdrawal,0.009928385
STP,Sao Tome and Principe,2014,0.04,Imputed value (CCSA definition),Cubic meters per year,37.5,Estimated value,Percentage of land area,High Cultivation,Low Withdrawal,0.001066667
STP,Sao Tome and Principe,2015,0.04,Imputed value (CCSA definition),Cubic meters per year,37.5,Estimated value,Percentage of land area,High Cultivation,Low Withdrawal,0.001066667
STP,Sao Tome and Principe,2016,0.04,Estimated value,Cubic meters per year,40.62,Estimated value,Percentage of land area,High Cultivation,Low Withdrawal,0.000984737
STP,Sao Tome and Principe,2017,0.04,Imputed value (CCSA definition),Cubic meters per year,41.67,Estimated value,Percentage of land area,High Cultivation,Low Withdrawal,0.000959923
STP,Sao Tome and Principe,2018,0.04,Imputed value (CCSA definition),Cubic meters per year,42.71,Estimated value,Percentage of land area,High Cultivation,Low Withdrawal,0.000936549
STP,Sao Tome and Principe,2019,0.04,Imputed value (CCSA definition),Cubic meters per year,42.71,Estimated value,Percentage of land area,High Cultivation,Low Withdrawal,0.000936549
STP,Sao Tome and Principe,2020,0.04,Imputed value (CCSA definition),Cubic meters per year,42.71,Estimated value,Percentage of land area,High Cultivation,Low Withdrawal,0.000936549
STP,Sao Tome and Principe,2021,0.04,Imputed value (CCSA definition),Cubic meters per year,43.75,Estimated value,Percentage of land area,High Cultivation,Low Withdrawal,0.000914286
STP,Sao Tome and Principe,2022,0.04,Imputed value (CCSA definition),Cubic meters per year,43.75,Estimated value,Percentage of land area,High Cultivation,Low Withdrawal,0.000914286
SAU,Saudi Arabia,2014,21.47,Estimated value,Cubic meters per year,1.68,Estimated value,Percentage of land area,Low Cultivation,High Withdrawal,12.7797619
SAU,Saudi Arabia,2015,22.77,Estimated value,Cubic meters per year,1.68,Estimated value,Percentage of land area,Low Cultivation,High Withdrawal,13.55357143
SAU,Saudi Arabia,2016,22.31,Normal value,Cubic meters per year,1.68,Estimated value,Percentage of land area,Low Cultivation,High Withdrawal,13.2797619
SAU,Saudi Arabia,2017,22.94,Normal value,Cubic meters per year,1.68,Estimated value,Percentage of land area,Low Cultivation,High Withdrawal,13.6547619
SAU,Saudi Arabia,2018,23.38,Normal value,Cubic meters per year,1.68,Estimated value,Percentage of land area,Low Cultivation,High Withdrawal,13.91666667
SAU,Saudi Arabia,2019,23.38,Imputed value (CCSA definition),Cubic meters per year,1.68,Estimated value,Percentage of land area,Low Cultivation,High Withdrawal,13.91666667
SAU,Saudi Arabia,2020,23.38,Imputed value (CCSA definition),Cubic meters per year,1.69,Estimated value,Percentage of land area,Low Cultivation,High Withdrawal,13.83431953
SAU,Saudi Arabia,2021,23.38,Imputed value (CCSA definition),Cubic meters per year,1.69,Estimated value,Percentage of land area,Low Cultivation,High Withdrawal,13.83431953
SAU,Saudi Arabia,2022,23.38,Imputed value (CCSA definition),Cubic meters per year,1.69,Estimated value,Percentage of land area,Low Cultivation,High Withdrawal,13.83431953
SEN,Senegal,2014,2.43,Estimated value,Cubic meters per year,17.14,Estimated value,Percentage of land area,Moderate Cultivation,Medium Withdrawal,0.141773629
SEN,Senegal,2015,2.44,Estimated value,Cubic meters per year,18.95,Estimated value,Percentage of land area,Moderate Cultivation,Medium Withdrawal,0.128759894
SEN,Senegal,2016,2.46,Estimated value,Cubic meters per year,18.75,Estimated value,Percentage of land area,Moderate Cultivation,Medium Withdrawal,0.1312
SEN,Senegal,2017,2.47,Estimated value,Cubic meters per year,18.93,Estimated value,Percentage of land area,Moderate Cultivation,Medium Withdrawal,0.130480718
SEN,Senegal,2018,3.03,Estimated value,Cubic meters per year,19.1,Estimated value,Percentage of land area,Moderate Cultivation,Medium Withdrawal,0.158638743
SEN,Senegal,2019,3.06,Estimated value,Cubic meters per year,19.29,Estimated value,Percentage of land area,Moderate Cultivation,Medium Withdrawal,0.158631415
SEN,Senegal,2020,3.06,Estimated value,Cubic meters per year,19.47,Estimated value,Percentage of land area,Moderate Cultivation,Medium Withdrawal,0.157164869
SEN,Senegal,2021,3.06,Estimated value,Cubic meters per year,19.88,Estimated value,Percentage of land area,Moderate Cultivation,Medium Withdrawal,0.153923541
SEN,Senegal,2022,3.06,Estimated value,Cubic meters per year,19.88,Estimated value,Percentage of land area,Moderate Cultivation,Medium Withdrawal,0.153923541
SRB,Serbia,2014,3.94,Normal value,Cubic meters per year,31.61,Estimated value,Percentage of land area,High Cultivation,Medium Withdrawal,0.1246441
SRB,Serbia,2015,4.69,Normal value,Cubic meters per year,31.59,Estimated value,Percentage of land area,High Cultivation,Medium Withdrawal,0.148464704
SRB,Serbia,2016,4.71,Estimated value,Cubic meters per year,31.71,Estimated value,Percentage of land area,High Cultivation,Medium Withdrawal,0.148533586
SRB,Serbia,2017,5.38,Normal value,Cubic meters per year,31.72,Estimated value,Percentage of land area,High Cultivation,Medium Withdrawal,0.169609079
SRB,Serbia,2018,5.56,Normal value,Cubic meters per year,31.55,Estimated value,Percentage of land area,High Cultivation,Medium Withdrawal,0.176228209
SRB,Serbia,2019,5.62,Estimated value,Cubic meters per year,31.52,Estimated value,Percentage of land area,High Cultivation,Medium Withdrawal,0.178299492
SRB,Serbia,2020,5.1,Normal value,Cubic meters per year,33.07,Estimated value,Percentage of land area,High Cultivation,Medium Withdrawal,0.154218325
SRB,Serbia,2021,4.83,Normal value,Cubic meters per year,33.17,Estimated value,Percentage of land area,High Cultivation,Medium Withdrawal,0.145613506
SRB,Serbia,2022,5.09,Normal value,Cubic meters per year,33.03,Estimated value,Percentage of land area,High Cultivation,Medium Withdrawal,0.154102331
SYC,Seychelles,2014,0.01,Imputed value (CCSA definition),Cubic meters per year,3.37,Estimated value,Percentage of land area,Low Cultivation,Low Withdrawal,0.002967359
SYC,Seychelles,2015,0.01,Imputed value (CCSA definition),Cubic meters per year,3.37,Estimated value,Percentage of land area,Low Cultivation,Low Withdrawal,0.002967359
SYC,Seychelles,2016,0.01,Imputed value (CCSA definition),Cubic meters per year,3.37,Estimated value,Percentage of land area,Low Cultivation,Low Withdrawal,0.002967359
SYC,Seychelles,2017,0.01,Imputed value (CCSA definition),Cubic meters per year,3.37,Estimated value,Percentage of land area,Low Cultivation,Low Withdrawal,0.002967359
SYC,Seychelles,2018,0.01,Imputed value (CCSA definition),Cubic meters per year,3.37,Estimated value,Percentage of land area,Low Cultivation,Low Withdrawal,0.002967359
SYC,Seychelles,2019,0.01,Imputed value (CCSA definition),Cubic meters per year,3.37,Estimated value,Percentage of land area,Low Cultivation,Low Withdrawal,0.002967359
SYC,Seychelles,2020,0.01,Imputed value (CCSA definition),Cubic meters per year,3.37,Estimated value,Percentage of land area,Low Cultivation,Low Withdrawal,0.002967359
SYC,Seychelles,2021,0.01,Imputed value (CCSA definition),Cubic meters per year,3.37,Estimated value,Percentage of land area,Low Cultivation,Low Withdrawal,0.002967359
SYC,Seychelles,2022,0.01,Imputed value (CCSA definition),Cubic meters per year,3.37,Estimated value,Percentage of land area,Low Cultivation,Low Withdrawal,0.002967359
SLE,Sierra Leone,2014,0.21,Imputed value (CCSA definition),Cubic meters per year,24.19,Estimated value,Percentage of land area,Moderate Cultivation,Low Withdrawal,0.008681273
SLE,Sierra Leone,2015,0.21,Imputed value (CCSA definition),Cubic meters per year,24.19,Estimated value,Percentage of land area,Moderate Cultivation,Low Withdrawal,0.008681273
SLE,Sierra Leone,2016,0.21,Imputed value (CCSA definition),Cubic meters per year,24.19,Estimated value,Percentage of land area,Moderate Cultivation,Low Withdrawal,0.008681273
SLE,Sierra Leone,2017,0.21,Imputed value (CCSA definition),Cubic meters per year,24.19,Estimated value,Percentage of land area,Moderate Cultivation,Low Withdrawal,0.008681273
SLE,Sierra Leone,2018,0.21,Imputed value (CCSA definition),Cubic meters per year,24.19,Estimated value,Percentage of land area,Moderate Cultivation,Low Withdrawal,0.008681273
SLE,Sierra Leone,2019,0.21,Imputed value (CCSA definition),Cubic meters per year,24.19,Estimated value,Percentage of land area,Moderate Cultivation,Low Withdrawal,0.008681273
SLE,Sierra Leone,2020,0.21,Imputed value (CCSA definition),Cubic meters per year,24.19,Estimated value,Percentage of land area,Moderate Cultivation,Low Withdrawal,0.008681273
SLE,Sierra Leone,2021,0.21,Imputed value (CCSA definition),Cubic meters per year,24.19,Estimated value,Percentage of land area,Moderate Cultivation,Low Withdrawal,0.008681273
SLE,Sierra Leone,2022,0.21,Imputed value (CCSA definition),Cubic meters per year,24.19,Estimated value,Percentage of land area,Moderate Cultivation,Low Withdrawal,0.008681273
SGP,Singapore,2014,0.65,Estimated value,Cubic meters per year,0.92,Estimated value,Percentage of land area,Low Cultivation,Low Withdrawal,0.706521739
SGP,Singapore,2015,0.51,Estimated value,Cubic meters per year,0.92,Estimated value,Percentage of land area,Low Cultivation,Low Withdrawal,0.554347826
SGP,Singapore,2016,0.51,Estimated value,Cubic meters per year,0.92,Estimated value,Percentage of land area,Low Cultivation,Low Withdrawal,0.554347826
SGP,Singapore,2017,0.5,Normal value,Cubic meters per year,0.91,Estimated value,Percentage of land area,Low Cultivation,Low Withdrawal,0.549450549
SGP,Singapore,2018,0.49,Estimated value,Cubic meters per year,0.91,Estimated value,Percentage of land area,Low Cultivation,Low Withdrawal,0.538461538
SGP,Singapore,2019,0.49,Estimated value,Cubic meters per year,0.91,Estimated value,Percentage of land area,Low Cultivation,Low Withdrawal,0.538461538
SGP,Singapore,2020,0.5,Estimated value,Cubic meters per year,0.91,Estimated value,Percentage of land area,Low Cultivation,Low Withdrawal,0.549450549
SGP,Singapore,2021,0.35,Estimated value,Cubic meters per year,0.91,Estimated value,Percentage of land area,Low Cultivation,Low Withdrawal,0.384615385
SGP,Singapore,2022,0.2,Estimated value,Cubic meters per year,0.91,Estimated value,Percentage of land area,Low Cultivation,Low Withdrawal,0.21978022
SVK,Slovak Republic,2014,0.56,Figure from international organizations,Cubic meters per year,28.11,Estimated value,Percentage of land area,Moderate Cultivation,Low Withdrawal,0.019921736
SVK,Slovak Republic,2015,0.57,Figure from international organizations,Cubic meters per year,27.9,Estimated value,Percentage of land area,Moderate Cultivation,Low Withdrawal,0.020430108
SVK,Slovak Republic,2016,0.56,Figure from international organizations,Cubic meters per year,27.84,Estimated value,Percentage of land area,Moderate Cultivation,Low Withdrawal,0.020114943
SVK,Slovak Republic,2017,0.56,Normal value,Cubic meters per year,27.76,Estimated value,Percentage of land area,Moderate Cultivation,Low Withdrawal,0.020172911
SVK,Slovak Republic,2018,0.56,Normal value,Cubic meters per year,27.84,Estimated value,Percentage of land area,Moderate Cultivation,Low Withdrawal,0.020114943
SVK,Slovak Republic,2019,0.56,Normal value,Cubic meters per year,27.88,Estimated value,Percentage of land area,Moderate Cultivation,Low Withdrawal,0.020086083
SVK,Slovak Republic,2020,0.56,Normal value,Cubic meters per year,27.82,Estimated value,Percentage of land area,Moderate Cultivation,Low Withdrawal,0.020129403
SVK,Slovak Republic,2021,0.57,Normal value,Cubic meters per year,27.41,Estimated value,Percentage of land area,Moderate Cultivation,Low Withdrawal,0.02079533
SVK,Slovak Republic,2022,0.56,Normal value,Cubic meters per year,27.33,Estimated value,Percentage of land area,Moderate Cultivation,Low Withdrawal,0.020490304
SVN,Slovenia,2014,0.98,Estimated value,Cubic meters per year,11.47,Estimated value,Percentage of land area,Moderate Cultivation,Low Withdrawal,0.085440279
SVN,Slovenia,2015,0.9,Normal value,Cubic meters per year,11.48,Estimated value,Percentage of land area,Moderate Cultivation,Low Withdrawal,0.078397213
SVN,Slovenia,2016,0.89,Normal value,Cubic meters per year,11.49,Estimated value,Percentage of land area,Moderate Cultivation,Low Withdrawal,0.07745866
SVN,Slovenia,2017,0.93,Normal value,Cubic meters per year,11.74,Estimated value,Percentage of land area,Moderate Cultivation,Low Withdrawal,0.079216354
SVN,Slovenia,2018,0.96,Normal value,Cubic meters per year,11.63,Estimated value,Percentage of land area,Moderate Cultivation,Low Withdrawal,0.082545142
SVN,Slovenia,2019,0.94,Normal value,Cubic meters per year,11.57,Estimated value,Percentage of land area,Moderate Cultivation,Low Withdrawal,0.081244598
SVN,Slovenia,2020,1,Normal value,Cubic meters per year,11.54,Estimated value,Percentage of land area,Moderate Cultivation,Low Withdrawal,0.086655113
SVN,Slovenia,2021,0.93,Normal value,Cubic meters per year,11.51,Estimated value,Percentage of land area,Moderate Cultivation,Low Withdrawal,0.080799305
SVN,Slovenia,2022,0.83,Normal value,Cubic meters per year,11.49,Estimated value,Percentage of land area,Moderate Cultivation,Low Withdrawal,0.072236728
SOM,Somalia,2014,3.3,Imputed value (CCSA definition),Cubic meters per year,1.77,Estimated value,Percentage of land area,Low Cultivation,Medium Withdrawal,1.86440678
SOM,Somalia,2015,3.3,Imputed value (CCSA definition),Cubic meters per year,1.77,Estimated value,Percentage of land area,Low Cultivation,Medium Withdrawal,1.86440678
SOM,Somalia,2016,3.3,Imputed value (CCSA definition),Cubic meters per year,1.77,Estimated value,Percentage of land area,Low Cultivation,Medium Withdrawal,1.86440678
SOM,Somalia,2017,3.3,Imputed value (CCSA definition),Cubic meters per year,1.77,Estimated value,Percentage of land area,Low Cultivation,Medium Withdrawal,1.86440678
SOM,Somalia,2018,3.3,Imputed value (CCSA definition),Cubic meters per year,1.77,Estimated value,Percentage of land area,Low Cultivation,Medium Withdrawal,1.86440678
SOM,Somalia,2019,3.3,Imputed value (CCSA definition),Cubic meters per year,1.77,Estimated value,Percentage of land area,Low Cultivation,Medium Withdrawal,1.86440678
SOM,Somalia,2020,3.3,Imputed value (CCSA definition),Cubic meters per year,1.77,Estimated value,Percentage of land area,Low Cultivation,Medium Withdrawal,1.86440678
SOM,Somalia,2021,3.3,Imputed value (CCSA definition),Cubic meters per year,1.77,Estimated value,Percentage of land area,Low Cultivation,Medium Withdrawal,1.86440678
SOM,Somalia,2022,3.3,Imputed value (CCSA definition),Cubic meters per year,1.77,Estimated value,Percentage of land area,Low Cultivation,Medium Withdrawal,1.86440678
ZAF,South Africa,2014,16.47,Estimated value,Cubic meters per year,10.18,Estimated value,Percentage of land area,Moderate Cultivation,High Withdrawal,1.617878193
ZAF,South Africa,2015,18.66,Normal value,Cubic meters per year,10.18,Estimated value,Percentage of land area,Moderate Cultivation,High Withdrawal,1.833005894
ZAF,South Africa,2016,19.04,Estimated value,Cubic meters per year,10.18,Estimated value,Percentage of land area,Moderate Cultivation,High Withdrawal,1.870333988
ZAF,South Africa,2017,19.38,Normal value,Cubic meters per year,10.18,Estimated value,Percentage of land area,Moderate Cultivation,High Withdrawal,1.903732809
ZAF,South Africa,2018,19.64,Normal value,Cubic meters per year,10.18,Estimated value,Percentage of land area,Moderate Cultivation,High Withdrawal,1.929273084
ZAF,South Africa,2019,20,Normal value,Cubic meters per year,10.18,Estimated value,Percentage of land area,Moderate Cultivation,High Withdrawal,1.964636542
ZAF,South Africa,2020,20.31,Normal value,Cubic meters per year,10.18,Estimated value,Percentage of land area,Moderate Cultivation,High Withdrawal,1.995088409
ZAF,South Africa,2021,20.89,Normal value,Cubic meters per year,10.18,Estimated value,Percentage of land area,Moderate Cultivation,High Withdrawal,2.052062868
ZAF,South Africa,2022,21.11,Normal value,Cubic meters per year,10.18,Estimated value,Percentage of land area,Moderate Cultivation,High Withdrawal,2.07367387
SSD,South Sudan,2014,0.66,Imputed value (CCSA definition),Cubic meters per year,4.19,Estimated value,Percentage of land area,Low Cultivation,Low Withdrawal,0.1575179
SSD,South Sudan,2015,0.66,Imputed value (CCSA definition),Cubic meters per year,4.13,Estimated value,Percentage of land area,Low Cultivation,Low Withdrawal,0.159806295
SSD,South Sudan,2016,0.66,Imputed value (CCSA definition),Cubic meters per year,4.08,Estimated value,Percentage of land area,Low Cultivation,Low Withdrawal,0.161764706
SSD,South Sudan,2017,0.66,Imputed value (CCSA definition),Cubic meters per year,4.02,Estimated value,Percentage of land area,Low Cultivation,Low Withdrawal,0.164179104
SSD,South Sudan,2018,0.66,Imputed value (CCSA definition),Cubic meters per year,3.91,Estimated value,Percentage of land area,Low Cultivation,Low Withdrawal,0.168797954
SSD,South Sudan,2019,0.66,Imputed value (CCSA definition),Cubic meters per year,3.91,Estimated value,Percentage of land area,Low Cultivation,Low Withdrawal,0.168797954
SSD,South Sudan,2020,0.66,Imputed value (CCSA definition),Cubic meters per year,3.91,Estimated value,Percentage of land area,Low Cultivation,Low Withdrawal,0.168797954
SSD,South Sudan,2021,0.66,Imputed value (CCSA definition),Cubic meters per year,3.91,Estimated value,Percentage of land area,Low Cultivation,Low Withdrawal,0.168797954
SSD,South Sudan,2022,0.66,Imputed value (CCSA definition),Cubic meters per year,3.91,Estimated value,Percentage of land area,Low Cultivation,Low Withdrawal,0.168797954
ESP,Spain,2014,32.86,Estimated value,Cubic meters per year,33.97,Estimated value,Percentage of land area,High Cultivation,High Withdrawal,0.96732411
ESP,Spain,2015,31.51,Estimated value,Cubic meters per year,33.97,Estimated value,Percentage of land area,High Cultivation,High Withdrawal,0.927583162
ESP,Spain,2016,31.22,Normal value,Cubic meters per year,33.67,Estimated value,Percentage of land area,High Cultivation,High Withdrawal,0.927234927
ESP,Spain,2017,30.09,Normal value,Cubic meters per year,33.57,Estimated value,Percentage of land area,High Cultivation,High Withdrawal,0.896336014
ESP,Spain,2018,29.41,Normal value,Cubic meters per year,33.15,Estimated value,Percentage of land area,High Cultivation,High Withdrawal,0.887179487
ESP,Spain,2019,29.21,Estimated value,Cubic meters per year,33.13,Estimated value,Percentage of land area,High Cultivation,High Withdrawal,0.881678237
ESP,Spain,2020,29.02,Normal value,Cubic meters per year,32.9,Estimated value,Percentage of land area,High Cultivation,High Withdrawal,0.882066869
ESP,Spain,2021,29.02,Imputed value (CCSA definition),Cubic meters per year,32.83,Estimated value,Percentage of land area,High Cultivation,High Withdrawal,0.883947609
ESP,Spain,2022,29.02,Imputed value (CCSA definition),Cubic meters per year,33.16,Estimated value,Percentage of land area,High Cultivation,High Withdrawal,0.875150784
LKA,Sri Lanka,2014,12.95,Imputed value (CCSA definition),Cubic meters per year,35.06,Estimated value,Percentage of land area,High Cultivation,High Withdrawal,0.3693668
LKA,Sri Lanka,2015,12.95,Imputed value (CCSA definition),Cubic meters per year,35.06,Estimated value,Percentage of land area,High Cultivation,High Withdrawal,0.3693668
LKA,Sri Lanka,2016,12.95,Imputed value (CCSA definition),Cubic meters per year,35.21,Estimated value,Percentage of land area,High Cultivation,High Withdrawal,0.367793241
LKA,Sri Lanka,2017,12.95,Imputed value (CCSA definition),Cubic meters per year,35.36,Estimated value,Percentage of land area,High Cultivation,High Withdrawal,0.366233032
LKA,Sri Lanka,2018,12.95,Imputed value (CCSA definition),Cubic meters per year,36.15,Estimated value,Percentage of land area,High Cultivation,High Withdrawal,0.358229599
LKA,Sri Lanka,2019,12.95,Imputed value (CCSA definition),Cubic meters per year,36.15,Estimated value,Percentage of land area,High Cultivation,High Withdrawal,0.358229599
LKA,Sri Lanka,2020,12.95,Imputed value (CCSA definition),Cubic meters per year,36.15,Estimated value,Percentage of land area,High Cultivation,High Withdrawal,0.358229599
LKA,Sri Lanka,2021,12.95,Imputed value (CCSA definition),Cubic meters per year,36.15,Estimated value,Percentage of land area,High Cultivation,High Withdrawal,0.358229599
LKA,Sri Lanka,2022,12.95,Imputed value (CCSA definition),Cubic meters per year,36.15,Estimated value,Percentage of land area,High Cultivation,High Withdrawal,0.358229599
KNA,St. Kitts and Nevis,2014,0.01,Imputed value (CCSA definition),Cubic meters per year,19.62,Estimated value,Percentage of land area,Moderate Cultivation,Low Withdrawal,0.000509684
KNA,St. Kitts and Nevis,2015,0.01,Imputed value (CCSA definition),Cubic meters per year,19.62,Estimated value,Percentage of land area,Moderate Cultivation,Low Withdrawal,0.000509684
KNA,St. Kitts and Nevis,2016,0.01,Imputed value (CCSA definition),Cubic meters per year,19.62,Estimated value,Percentage of land area,Moderate Cultivation,Low Withdrawal,0.000509684
KNA,St. Kitts and Nevis,2017,0.01,Imputed value (CCSA definition),Cubic meters per year,19.62,Estimated value,Percentage of land area,Moderate Cultivation,Low Withdrawal,0.000509684
KNA,St. Kitts and Nevis,2018,0.01,Imputed value (CCSA definition),Cubic meters per year,19.62,Estimated value,Percentage of land area,Moderate Cultivation,Low Withdrawal,0.000509684
KNA,St. Kitts and Nevis,2019,0.01,Imputed value (CCSA definition),Cubic meters per year,19.62,Estimated value,Percentage of land area,Moderate Cultivation,Low Withdrawal,0.000509684
KNA,St. Kitts and Nevis,2020,0.01,Imputed value (CCSA definition),Cubic meters per year,19.62,Estimated value,Percentage of land area,Moderate Cultivation,Low Withdrawal,0.000509684
KNA,St. Kitts and Nevis,2021,0.01,Imputed value (CCSA definition),Cubic meters per year,19.62,Estimated value,Percentage of land area,Moderate Cultivation,Low Withdrawal,0.000509684
KNA,St. Kitts and Nevis,2022,0.01,Imputed value (CCSA definition),Cubic meters per year,19.62,Estimated value,Percentage of land area,Moderate Cultivation,Low Withdrawal,0.000509684
LCA,St. Lucia,2014,0.04,Imputed value (CCSA definition),Cubic meters per year,15.44,Estimated value,Percentage of land area,Moderate Cultivation,Low Withdrawal,0.002590674
LCA,St. Lucia,2015,0.04,Imputed value (CCSA definition),Cubic meters per year,15.44,Estimated value,Percentage of land area,Moderate Cultivation,Low Withdrawal,0.002590674
LCA,St. Lucia,2016,0.04,Imputed value (CCSA definition),Cubic meters per year,15.44,Estimated value,Percentage of land area,Moderate Cultivation,Low Withdrawal,0.002590674
LCA,St. Lucia,2017,0.04,Imputed value (CCSA definition),Cubic meters per year,15.44,Estimated value,Percentage of land area,Moderate Cultivation,Low Withdrawal,0.002590674
LCA,St. Lucia,2018,0.04,Imputed value (CCSA definition),Cubic meters per year,15.44,Estimated value,Percentage of land area,Moderate Cultivation,Low Withdrawal,0.002590674
LCA,St. Lucia,2019,0.04,Imputed value (CCSA definition),Cubic meters per year,15.44,Estimated value,Percentage of land area,Moderate Cultivation,Low Withdrawal,0.002590674
LCA,St. Lucia,2020,0.04,Imputed value (CCSA definition),Cubic meters per year,15.44,Estimated value,Percentage of land area,Moderate Cultivation,Low Withdrawal,0.002590674
LCA,St. Lucia,2021,0.04,Imputed value (CCSA definition),Cubic meters per year,15.44,Estimated value,Percentage of land area,Moderate Cultivation,Low Withdrawal,0.002590674
LCA,St. Lucia,2022,0.04,Imputed value (CCSA definition),Cubic meters per year,15.44,Estimated value,Percentage of land area,Moderate Cultivation,Low Withdrawal,0.002590674
VCT,St. Vincent and the Grenadines,2014,0.01,Imputed value (CCSA definition),Cubic meters per year,12.82,Estimated value,Percentage of land area,Moderate Cultivation,Low Withdrawal,0.000780031
VCT,St. Vincent and the Grenadines,2015,0.01,Imputed value (CCSA definition),Cubic meters per year,12.82,Estimated value,Percentage of land area,Moderate Cultivation,Low Withdrawal,0.000780031
VCT,St. Vincent and the Grenadines,2016,0.01,Imputed value (CCSA definition),Cubic meters per year,12.82,Estimated value,Percentage of land area,Moderate Cultivation,Low Withdrawal,0.000780031
VCT,St. Vincent and the Grenadines,2017,0.01,Imputed value (CCSA definition),Cubic meters per year,12.82,Estimated value,Percentage of land area,Moderate Cultivation,Low Withdrawal,0.000780031
VCT,St. Vincent and the Grenadines,2018,0.01,Imputed value (CCSA definition),Cubic meters per year,12.82,Estimated value,Percentage of land area,Moderate Cultivation,Low Withdrawal,0.000780031
VCT,St. Vincent and the Grenadines,2019,0.01,Imputed value (CCSA definition),Cubic meters per year,12.82,Estimated value,Percentage of land area,Moderate Cultivation,Low Withdrawal,0.000780031
VCT,St. Vincent and the Grenadines,2020,0.01,Imputed value (CCSA definition),Cubic meters per year,12.82,Estimated value,Percentage of land area,Moderate Cultivation,Low Withdrawal,0.000780031
VCT,St. Vincent and the Grenadines,2021,0.01,Imputed value (CCSA definition),Cubic meters per year,12.82,Estimated value,Percentage of land area,Moderate Cultivation,Low Withdrawal,0.000780031
VCT,St. Vincent and the Grenadines,2022,0.01,Imputed value (CCSA definition),Cubic meters per year,12.82,Estimated value,Percentage of land area,Moderate Cultivation,Low Withdrawal,0.000780031
SDN,Sudan,2014,26.94,Imputed value (CCSA definition),Cubic meters per year,10.64,Estimated value,Percentage of land area,Moderate Cultivation,High Withdrawal,2.531954887
SDN,Sudan,2015,26.94,Imputed value (CCSA definition),Cubic meters per year,10.81,Estimated value,Percentage of land area,Moderate Cultivation,High Withdrawal,2.49213691
SDN,Sudan,2016,26.94,Imputed value (CCSA definition),Cubic meters per year,10.97,Estimated value,Percentage of land area,Moderate Cultivation,High Withdrawal,2.455788514
SDN,Sudan,2017,26.94,Imputed value (CCSA definition),Cubic meters per year,11.13,Estimated value,Percentage of land area,Moderate Cultivation,High Withdrawal,2.420485175
SDN,Sudan,2018,26.94,Imputed value (CCSA definition),Cubic meters per year,11.29,Estimated value,Percentage of land area,Moderate Cultivation,High Withdrawal,2.386182462
SDN,Sudan,2019,26.94,Imputed value (CCSA definition),Cubic meters per year,11.29,Estimated value,Percentage of land area,Moderate Cultivation,High Withdrawal,2.386182462
SDN,Sudan,2020,26.94,Imputed value (CCSA definition),Cubic meters per year,11.29,Estimated value,Percentage of land area,Moderate Cultivation,High Withdrawal,2.386182462
SDN,Sudan,2021,26.94,Imputed value (CCSA definition),Cubic meters per year,11.29,Estimated value,Percentage of land area,Moderate Cultivation,High Withdrawal,2.386182462
SDN,Sudan,2022,26.94,Imputed value (CCSA definition),Cubic meters per year,11.29,Estimated value,Percentage of land area,Moderate Cultivation,High Withdrawal,2.386182462
SUR,Suriname,2014,0.62,Imputed value (CCSA definition),Cubic meters per year,0.43,Estimated value,Percentage of land area,Low Cultivation,Low Withdrawal,1.441860465
SUR,Suriname,2015,0.62,Imputed value (CCSA definition),Cubic meters per year,0.43,Estimated value,Percentage of land area,Low Cultivation,Low Withdrawal,1.441860465
SUR,Suriname,2016,0.62,Imputed value (CCSA definition),Cubic meters per year,0.43,Estimated value,Percentage of land area,Low Cultivation,Low Withdrawal,1.441860465
SUR,Suriname,2017,0.62,Imputed value (CCSA definition),Cubic meters per year,0.42,Estimated value,Percentage of land area,Low Cultivation,Low Withdrawal,1.476190476
SUR,Suriname,2018,0.62,Imputed value (CCSA definition),Cubic meters per year,0.42,Estimated value,Percentage of land area,Low Cultivation,Low Withdrawal,1.476190476
SUR,Suriname,2019,0.62,Imputed value (CCSA definition),Cubic meters per year,0.41,Estimated value,Percentage of land area,Low Cultivation,Low Withdrawal,1.512195122
SUR,Suriname,2020,0.62,Imputed value (CCSA definition),Cubic meters per year,0.4,Estimated value,Percentage of land area,Low Cultivation,Low Withdrawal,1.55
SUR,Suriname,2021,0.62,Imputed value (CCSA definition),Cubic meters per year,0.38,Estimated value,Percentage of land area,Low Cultivation,Low Withdrawal,1.631578947
SUR,Suriname,2022,0.62,Imputed value (CCSA definition),Cubic meters per year,0.32,Estimated value,Percentage of land area,Low Cultivation,Low Withdrawal,1.9375
SWE,Sweden,2014,2.44,Imputed value (CCSA definition),Cubic meters per year,5.78,Estimated value,Percentage of land area,Low Cultivation,Medium Withdrawal,0.422145329
SWE,Sweden,2015,2.38,Normal value,Cubic meters per year,5.76,Estimated value,Percentage of land area,Low Cultivation,Medium Withdrawal,0.413194444
SWE,Sweden,2016,2.4,Imputed value (CCSA definition),Cubic meters per year,5.74,Estimated value,Percentage of land area,Low Cultivation,Medium Withdrawal,0.418118467
SWE,Sweden,2017,2.42,Imputed value (CCSA definition),Cubic meters per year,5.72,Estimated value,Percentage of land area,Low Cultivation,Medium Withdrawal,0.423076923
SWE,Sweden,2018,2.44,Imputed value (CCSA definition),Cubic meters per year,5.69,Estimated value,Percentage of land area,Low Cultivation,Medium Withdrawal,0.428822496
SWE,Sweden,2019,2.46,Imputed value (CCSA definition),Cubic meters per year,5.69,Estimated value,Percentage of land area,Low Cultivation,Medium Withdrawal,0.432337434
SWE,Sweden,2020,2.48,Estimated value,Cubic meters per year,5.68,Estimated value,Percentage of land area,Low Cultivation,Medium Withdrawal,0.436619718
SWE,Sweden,2021,2.48,Imputed value (CCSA definition),Cubic meters per year,5.67,Estimated value,Percentage of land area,Low Cultivation,Medium Withdrawal,0.437389771
SWE,Sweden,2022,2.48,Imputed value (CCSA definition),Cubic meters per year,5.66,Estimated value,Percentage of land area,Low Cultivation,Medium Withdrawal,0.438162544
CHE,Switzerland,2014,1.7,Estimated value,Cubic meters per year,10.29,Estimated value,Percentage of land area,Moderate Cultivation,Medium Withdrawal,0.165208941
CHE,Switzerland,2015,1.71,Estimated value,Cubic meters per year,10.25,Estimated value,Percentage of land area,Moderate Cultivation,Medium Withdrawal,0.166829268
CHE,Switzerland,2016,1.7,Estimated value,Cubic meters per year,10.26,Estimated value,Percentage of land area,Moderate Cultivation,Medium Withdrawal,0.165692008
CHE,Switzerland,2017,1.7,Imputed value (CCSA definition),Cubic meters per year,10.25,Estimated value,Percentage of land area,Moderate Cultivation,Medium Withdrawal,0.165853659
CHE,Switzerland,2018,1.7,Imputed value (CCSA definition),Cubic meters per year,10.25,Estimated value,Percentage of land area,Moderate Cultivation,Medium Withdrawal,0.165853659
CHE,Switzerland,2019,1.7,Imputed value (CCSA definition),Cubic meters per year,10.26,Estimated value,Percentage of land area,Moderate Cultivation,Medium Withdrawal,0.165692008
CHE,Switzerland,2020,1.7,Imputed value (CCSA definition),Cubic meters per year,10.29,Estimated value,Percentage of land area,Moderate Cultivation,Medium Withdrawal,0.165208941
CHE,Switzerland,2021,1.7,Imputed value (CCSA definition),Cubic meters per year,10.19,Estimated value,Percentage of land area,Moderate Cultivation,Medium Withdrawal,0.166830226
CHE,Switzerland,2022,1.7,Imputed value (CCSA definition),Cubic meters per year,10.21,Estimated value,Percentage of land area,Moderate Cultivation,Medium Withdrawal,0.166503428
SYR,Syrian Arab Republic,2014,13.96,Estimated value,Cubic meters per year,30.95,Estimated value,Percentage of land area,High Cultivation,High Withdrawal,0.451050081
SYR,Syrian Arab Republic,2015,13.96,Estimated value,Cubic meters per year,30.95,Estimated value,Percentage of land area,High Cultivation,High Withdrawal,0.451050081
SYR,Syrian Arab Republic,2016,13.96,Estimated value,Cubic meters per year,30.95,Estimated value,Percentage of land area,High Cultivation,High Withdrawal,0.451050081
SYR,Syrian Arab Republic,2017,13.96,Estimated value,Cubic meters per year,30.97,Estimated value,Percentage of land area,High Cultivation,High Withdrawal,0.450758799
SYR,Syrian Arab Republic,2018,13.96,Estimated value,Cubic meters per year,30.93,Estimated value,Percentage of land area,High Cultivation,High Withdrawal,0.451341739
SYR,Syrian Arab Republic,2019,13.96,Estimated value,Cubic meters per year,30.91,Estimated value,Percentage of land area,High Cultivation,High Withdrawal,0.451633775
SYR,Syrian Arab Republic,2020,13.96,Estimated value,Cubic meters per year,30.92,Estimated value,Percentage of land area,High Cultivation,High Withdrawal,0.45148771
SYR,Syrian Arab Republic,2021,13.96,Estimated value,Cubic meters per year,30.16,Estimated value,Percentage of land area,High Cultivation,High Withdrawal,0.462864721
SYR,Syrian Arab Republic,2022,13.96,Estimated value,Cubic meters per year,29.14,Estimated value,Percentage of land area,Moderate Cultivation,High Withdrawal,0.479066575
TJK,Tajikistan,2014,10.51,Imputed value (CCSA definition),Cubic meters per year,6.63,Estimated value,Percentage of land area,Low Cultivation,High Withdrawal,1.585218703
TJK,Tajikistan,2015,10.42,Estimated value,Cubic meters per year,6.85,Estimated value,Percentage of land area,Low Cultivation,High Withdrawal,1.521167883
TJK,Tajikistan,2016,8.75,Estimated value,Cubic meters per year,7.08,Estimated value,Percentage of land area,Low Cultivation,Medium Withdrawal,1.235875706
TJK,Tajikistan,2017,7.99,Estimated value,Cubic meters per year,7.3,Estimated value,Percentage of land area,Low Cultivation,Medium Withdrawal,1.094520548
TJK,Tajikistan,2018,9.77,Estimated value,Cubic meters per year,7.33,Estimated value,Percentage of land area,Low Cultivation,Medium Withdrawal,1.332878581
TJK,Tajikistan,2019,10.6,Estimated value,Cubic meters per year,7.38,Estimated value,Percentage of land area,Low Cultivation,High Withdrawal,1.436314363
TJK,Tajikistan,2020,10.6,Imputed value (CCSA definition),Cubic meters per year,7.36,Estimated value,Percentage of land area,Low Cultivation,High Withdrawal,1.440217391
TJK,Tajikistan,2021,10.6,Imputed value (CCSA definition),Cubic meters per year,7.37,Estimated value,Percentage of land area,Low Cultivation,High Withdrawal,1.438263229
TJK,Tajikistan,2022,10.6,Imputed value (CCSA definition),Cubic meters per year,7.63,Estimated value,Percentage of land area,Low Cultivation,High Withdrawal,1.389252949
TZA,Tanzania,2014,5.18,Imputed value (CCSA definition),Cubic meters per year,15.04,Estimated value,Percentage of land area,Moderate Cultivation,Medium Withdrawal,0.344414894
TZA,Tanzania,2015,5.18,Imputed value (CCSA definition),Cubic meters per year,15.26,Estimated value,Percentage of land area,Moderate Cultivation,Medium Withdrawal,0.339449541
TZA,Tanzania,2016,5.18,Imputed value (CCSA definition),Cubic meters per year,15.49,Estimated value,Percentage of land area,Moderate Cultivation,Medium Withdrawal,0.334409296
TZA,Tanzania,2017,5.18,Imputed value (CCSA definition),Cubic meters per year,15.71,Estimated value,Percentage of land area,Moderate Cultivation,Medium Withdrawal,0.329726289
TZA,Tanzania,2018,5.18,Imputed value (CCSA definition),Cubic meters per year,15.94,Estimated value,Percentage of land area,Moderate Cultivation,Medium Withdrawal,0.324968632
TZA,Tanzania,2019,5.18,Imputed value (CCSA definition),Cubic meters per year,16.16,Estimated value,Percentage of land area,Moderate Cultivation,Medium Withdrawal,0.320544554
TZA,Tanzania,2020,5.18,Imputed value (CCSA definition),Cubic meters per year,16.38,Estimated value,Percentage of land area,Moderate Cultivation,Medium Withdrawal,0.316239316
TZA,Tanzania,2021,5.18,Imputed value (CCSA definition),Cubic meters per year,16.38,Estimated value,Percentage of land area,Moderate Cultivation,Medium Withdrawal,0.316239316
TZA,Tanzania,2022,5.18,Imputed value (CCSA definition),Cubic meters per year,16.38,Estimated value,Percentage of land area,Moderate Cultivation,Medium Withdrawal,0.316239316
THA,Thailand,2014,57.31,Imputed value (CCSA definition),Cubic meters per year,42.96,Estimated value,Percentage of land area,High Cultivation,Very High Withdrawal,1.334031657
THA,Thailand,2015,57.31,Imputed value (CCSA definition),Cubic meters per year,42.96,Estimated value,Percentage of land area,High Cultivation,Very High Withdrawal,1.334031657
THA,Thailand,2016,57.31,Imputed value (CCSA definition),Cubic meters per year,42.96,Estimated value,Percentage of land area,High Cultivation,Very High Withdrawal,1.334031657
THA,Thailand,2017,57.31,Imputed value (CCSA definition),Cubic meters per year,42.97,Estimated value,Percentage of land area,High Cultivation,Very High Withdrawal,1.333721201
THA,Thailand,2018,57.31,Imputed value (CCSA definition),Cubic meters per year,42.96,Estimated value,Percentage of land area,High Cultivation,Very High Withdrawal,1.334031657
THA,Thailand,2019,57.31,Imputed value (CCSA definition),Cubic meters per year,43.26,Estimated value,Percentage of land area,High Cultivation,Very High Withdrawal,1.324780398
THA,Thailand,2020,57.31,Imputed value (CCSA definition),Cubic meters per year,43.79,Estimated value,Percentage of land area,High Cultivation,Very High Withdrawal,1.308746289
THA,Thailand,2021,57.31,Imputed value (CCSA definition),Cubic meters per year,44.24,Estimated value,Percentage of land area,High Cultivation,Very High Withdrawal,1.295433996
THA,Thailand,2022,57.31,Imputed value (CCSA definition),Cubic meters per year,44.24,Estimated value,Percentage of land area,High Cultivation,Very High Withdrawal,1.295433996
TLS,Timor-Leste,2014,1.17,Imputed value (CCSA definition),Cubic meters per year,12.78,Estimated value,Percentage of land area,Moderate Cultivation,Medium Withdrawal,0.091549296
TLS,Timor-Leste,2015,1.17,Imputed value (CCSA definition),Cubic meters per year,12.82,Estimated value,Percentage of land area,Moderate Cultivation,Medium Withdrawal,0.091263651
TLS,Timor-Leste,2016,1.17,Imputed value (CCSA definition),Cubic meters per year,12.85,Estimated value,Percentage of land area,Moderate Cultivation,Medium Withdrawal,0.091050584
TLS,Timor-Leste,2017,1.17,Imputed value (CCSA definition),Cubic meters per year,12.89,Estimated value,Percentage of land area,Moderate Cultivation,Medium Withdrawal,0.090768037
TLS,Timor-Leste,2018,1.17,Imputed value (CCSA definition),Cubic meters per year,12.92,Estimated value,Percentage of land area,Moderate Cultivation,Medium Withdrawal,0.090557276
TLS,Timor-Leste,2019,1.17,Imputed value (CCSA definition),Cubic meters per year,12.87,Estimated value,Percentage of land area,Moderate Cultivation,Medium Withdrawal,0.090909091
TLS,Timor-Leste,2020,1.17,Imputed value (CCSA definition),Cubic meters per year,12.87,Estimated value,Percentage of land area,Moderate Cultivation,Medium Withdrawal,0.090909091
TLS,Timor-Leste,2021,1.17,Imputed value (CCSA definition),Cubic meters per year,12.87,Estimated value,Percentage of land area,Moderate Cultivation,Medium Withdrawal,0.090909091
TLS,Timor-Leste,2022,1.17,Imputed value (CCSA definition),Cubic meters per year,12.87,Estimated value,Percentage of land area,Moderate Cultivation,Medium Withdrawal,0.090909091
TGO,Togo,2014,0.22,Estimated value,Cubic meters per year,49.66,Estimated value,Percentage of land area,High Cultivation,Low Withdrawal,0.004430125
TGO,Togo,2015,0.22,Estimated value,Cubic meters per year,49.66,Estimated value,Percentage of land area,High Cultivation,Low Withdrawal,0.004430125
TGO,Togo,2016,0.22,Estimated value,Cubic meters per year,49.66,Estimated value,Percentage of land area,High Cultivation,Low Withdrawal,0.004430125
TGO,Togo,2017,0.22,Estimated value,Cubic meters per year,49.66,Estimated value,Percentage of land area,High Cultivation,Low Withdrawal,0.004430125
TGO,Togo,2018,0.22,Estimated value,Cubic meters per year,49.66,Estimated value,Percentage of land area,High Cultivation,Low Withdrawal,0.004430125
TGO,Togo,2019,0.22,Estimated value,Cubic meters per year,49.66,Estimated value,Percentage of land area,High Cultivation,Low Withdrawal,0.004430125
TGO,Togo,2020,0.22,Estimated value,Cubic meters per year,49.66,Estimated value,Percentage of land area,High Cultivation,Low Withdrawal,0.004430125
TGO,Togo,2021,0.22,Estimated value,Cubic meters per year,49.66,Estimated value,Percentage of land area,High Cultivation,Low Withdrawal,0.004430125
TGO,Togo,2022,0.22,Estimated value,Cubic meters per year,49.66,Estimated value,Percentage of land area,High Cultivation,Low Withdrawal,0.004430125
TTO,Trinidad and Tobago,2014,0.34,Imputed value (CCSA definition),Cubic meters per year,9.16,Estimated value,Percentage of land area,Low Cultivation,Low Withdrawal,0.037117904
TTO,Trinidad and Tobago,2015,0.34,Imputed value (CCSA definition),Cubic meters per year,9.16,Estimated value,Percentage of land area,Low Cultivation,Low Withdrawal,0.037117904
TTO,Trinidad and Tobago,2016,0.34,Imputed value (CCSA definition),Cubic meters per year,9.16,Estimated value,Percentage of land area,Low Cultivation,Low Withdrawal,0.037117904
TTO,Trinidad and Tobago,2017,0.34,Imputed value (CCSA definition),Cubic meters per year,9.16,Estimated value,Percentage of land area,Low Cultivation,Low Withdrawal,0.037117904
TTO,Trinidad and Tobago,2018,0.34,Imputed value (CCSA definition),Cubic meters per year,9.16,Estimated value,Percentage of land area,Low Cultivation,Low Withdrawal,0.037117904
TTO,Trinidad and Tobago,2019,0.34,Imputed value (CCSA definition),Cubic meters per year,9.16,Estimated value,Percentage of land area,Low Cultivation,Low Withdrawal,0.037117904
TTO,Trinidad and Tobago,2020,0.34,Imputed value (CCSA definition),Cubic meters per year,9.16,Estimated value,Percentage of land area,Low Cultivation,Low Withdrawal,0.037117904
TTO,Trinidad and Tobago,2021,0.34,Imputed value (CCSA definition),Cubic meters per year,9.16,Estimated value,Percentage of land area,Low Cultivation,Low Withdrawal,0.037117904
TTO,Trinidad and Tobago,2022,0.34,Imputed value (CCSA definition),Cubic meters per year,9.16,Estimated value,Percentage of land area,Low Cultivation,Low Withdrawal,0.037117904
TUN,Tunisia,2014,3.52,Imputed value (CCSA definition),Cubic meters per year,30.07,Estimated value,Percentage of land area,High Cultivation,Medium Withdrawal,0.117060193
TUN,Tunisia,2015,3.62,Imputed value (CCSA definition),Cubic meters per year,30.05,Estimated value,Percentage of land area,High Cultivation,Medium Withdrawal,0.12046589
TUN,Tunisia,2016,3.73,Normal value,Cubic meters per year,30.16,Estimated value,Percentage of land area,High Cultivation,Medium Withdrawal,0.12367374
TUN,Tunisia,2017,3.53,Normal value,Cubic meters per year,30.52,Estimated value,Percentage of land area,High Cultivation,Medium Withdrawal,0.115661861
TUN,Tunisia,2018,3.78,Normal value,Cubic meters per year,30.26,Estimated value,Percentage of land area,High Cultivation,Medium Withdrawal,0.124917383
TUN,Tunisia,2019,3.79,Estimated value,Cubic meters per year,30.26,Estimated value,Percentage of land area,High Cultivation,Medium Withdrawal,0.125247852
TUN,Tunisia,2020,3.86,Estimated value,Cubic meters per year,30.26,Estimated value,Percentage of land area,High Cultivation,Medium Withdrawal,0.127561137
TUN,Tunisia,2021,3.86,Estimated value,Cubic meters per year,30.26,Estimated value,Percentage of land area,High Cultivation,Medium Withdrawal,0.127561137
TUN,Tunisia,2022,3.86,Estimated value,Cubic meters per year,30.26,Estimated value,Percentage of land area,High Cultivation,Medium Withdrawal,0.127561137
TUR,Turkiye,2014,51.97,Figure from international organizations,Cubic meters per year,30.48,Estimated value,Percentage of land area,High Cultivation,Very High Withdrawal,1.705052493
TUR,Turkiye,2015,53.71,Estimated value,Cubic meters per year,30.48,Estimated value,Percentage of land area,High Cultivation,Very High Withdrawal,1.762139108
TUR,Turkiye,2016,59.61,Normal value,Cubic meters per year,30.19,Estimated value,Percentage of land area,High Cultivation,Very High Withdrawal,1.974494866
TUR,Turkiye,2017,58.79,Estimated value,Cubic meters per year,29.73,Estimated value,Percentage of land area,Moderate Cultivation,Very High Withdrawal,1.977463841
TUR,Turkiye,2018,61.09,Normal value,Cubic meters per year,29.52,Estimated value,Percentage of land area,Moderate Cultivation,Very High Withdrawal,2.069444444
TUR,Turkiye,2019,62.34,Estimated value,Cubic meters per year,29.41,Estimated value,Percentage of land area,Moderate Cultivation,Very High Withdrawal,2.119687181
TUR,Turkiye,2020,62.1,Normal value,Cubic meters per year,29.47,Estimated value,Percentage of land area,Moderate Cultivation,Very High Withdrawal,2.107227689
TUR,Turkiye,2021,58.4,Normal value,Cubic meters per year,29.89,Estimated value,Percentage of land area,Moderate Cultivation,Very High Withdrawal,1.953830713
TUR,Turkiye,2022,64.47,Normal value,Cubic meters per year,30.39,Estimated value,Percentage of land area,High Cultivation,Very High Withdrawal,2.12142152
TKM,Turkmenistan,2014,28.07,Imputed value (CCSA definition),Cubic meters per year,3.5,Estimated value,Percentage of land area,Low Cultivation,High Withdrawal,8.02
TKM,Turkmenistan,2015,28.09,Imputed value (CCSA definition),Cubic meters per year,3.6,Estimated value,Percentage of land area,Low Cultivation,High Withdrawal,7.802777778
TKM,Turkmenistan,2016,28.12,Estimated value,Cubic meters per year,3.78,Estimated value,Percentage of land area,Low Cultivation,High Withdrawal,7.439153439
TKM,Turkmenistan,2017,28.86,Estimated value,Cubic meters per year,3.78,Estimated value,Percentage of land area,Low Cultivation,High Withdrawal,7.634920635
TKM,Turkmenistan,2018,26.88,Estimated value,Cubic meters per year,3.49,Estimated value,Percentage of land area,Low Cultivation,High Withdrawal,7.702005731
TKM,Turkmenistan,2019,27.71,Estimated value,Cubic meters per year,3.38,Estimated value,Percentage of land area,Low Cultivation,High Withdrawal,8.198224852
TKM,Turkmenistan,2020,26.24,Normal value,Cubic meters per year,3.44,Estimated value,Percentage of land area,Low Cultivation,High Withdrawal,7.627906977
TKM,Turkmenistan,2021,26.24,Imputed value (CCSA definition),Cubic meters per year,3.42,Estimated value,Percentage of land area,Low Cultivation,High Withdrawal,7.67251462
TKM,Turkmenistan,2022,26.24,Imputed value (CCSA definition),Cubic meters per year,3.45,Estimated value,Percentage of land area,Low Cultivation,High Withdrawal,7.605797101
UGA,Uganda,2014,0.64,Imputed value (CCSA definition),Cubic meters per year,37.67,Estimated value,Percentage of land area,High Cultivation,Low Withdrawal,0.016989647
UGA,Uganda,2015,0.64,Imputed value (CCSA definition),Cubic meters per year,37.67,Estimated value,Percentage of land area,High Cultivation,Low Withdrawal,0.016989647
UGA,Uganda,2016,0.64,Imputed value (CCSA definition),Cubic meters per year,37.67,Estimated value,Percentage of land area,High Cultivation,Low Withdrawal,0.016989647
UGA,Uganda,2017,0.64,Imputed value (CCSA definition),Cubic meters per year,37.67,Estimated value,Percentage of land area,High Cultivation,Low Withdrawal,0.016989647
UGA,Uganda,2018,0.64,Imputed value (CCSA definition),Cubic meters per year,37.67,Estimated value,Percentage of land area,High Cultivation,Low Withdrawal,0.016989647
UGA,Uganda,2019,0.64,Imputed value (CCSA definition),Cubic meters per year,37.67,Estimated value,Percentage of land area,High Cultivation,Low Withdrawal,0.016989647
UGA,Uganda,2020,0.64,Imputed value (CCSA definition),Cubic meters per year,37.67,Estimated value,Percentage of land area,High Cultivation,Low Withdrawal,0.016989647
UGA,Uganda,2021,0.64,Imputed value (CCSA definition),Cubic meters per year,37.67,Estimated value,Percentage of land area,High Cultivation,Low Withdrawal,0.016989647
UGA,Uganda,2022,0.64,Imputed value (CCSA definition),Cubic meters per year,37.67,Estimated value,Percentage of land area,High Cultivation,Low Withdrawal,0.016989647
UKR,Ukraine,2014,10.9,Estimated value,Cubic meters per year,55.77,Estimated value,Percentage of land area,High Cultivation,High Withdrawal,0.19544558
UKR,Ukraine,2015,9.11,Estimated value,Cubic meters per year,55.78,Estimated value,Percentage of land area,High Cultivation,Medium Withdrawal,0.163320186
UKR,Ukraine,2016,9.32,Estimated value,Cubic meters per year,55.79,Estimated value,Percentage of land area,High Cultivation,Medium Withdrawal,0.167055028
UKR,Ukraine,2017,10.7,Normal value,Cubic meters per year,55.78,Estimated value,Percentage of land area,High Cultivation,High Withdrawal,0.191825027
UKR,Ukraine,2018,10.7,Normal value,Cubic meters per year,55.92,Estimated value,Percentage of land area,High Cultivation,High Withdrawal,0.191344778
UKR,Ukraine,2019,10.6,Normal value,Cubic meters per year,55.96,Estimated value,Percentage of land area,High Cultivation,High Withdrawal,0.189421015
UKR,Ukraine,2020,9.46,Normal value,Cubic meters per year,55.96,Estimated value,Percentage of land area,High Cultivation,Medium Withdrawal,0.169049321
UKR,Ukraine,2021,8.37,Normal value,Cubic meters per year,55.96,Estimated value,Percentage of land area,High Cultivation,Medium Withdrawal,0.149571122
UKR,Ukraine,2022,4.86,Normal value,Cubic meters per year,55.96,Estimated value,Percentage of land area,High Cultivation,Medium Withdrawal,0.086847748
ARE,United Arab Emirates,2014,2.57,Imputed value (CCSA definition),Cubic meters per year,0.99,Estimated value,Percentage of land area,Low Cultivation,Medium Withdrawal,2.595959596
ARE,United Arab Emirates,2015,2.54,Imputed value (CCSA definition),Cubic meters per year,0.99,Estimated value,Percentage of land area,Low Cultivation,Medium Withdrawal,2.565656566
ARE,United Arab Emirates,2016,2.52,Normal value,Cubic meters per year,1,Estimated value,Percentage of land area,Low Cultivation,Medium Withdrawal,2.52
ARE,United Arab Emirates,2017,2.44,Normal value,Cubic meters per year,1.18,Estimated value,Percentage of land area,Low Cultivation,Medium Withdrawal,2.06779661
ARE,United Arab Emirates,2018,2.5,Normal value,Cubic meters per year,1.15,Estimated value,Percentage of land area,Low Cultivation,Medium Withdrawal,2.173913043
ARE,United Arab Emirates,2019,2.44,Normal value,Cubic meters per year,1.27,Estimated value,Percentage of land area,Low Cultivation,Medium Withdrawal,1.921259843
ARE,United Arab Emirates,2020,2.38,Normal value,Cubic meters per year,1.26,Estimated value,Percentage of land area,Low Cultivation,Medium Withdrawal,1.888888889
ARE,United Arab Emirates,2021,2.3,Normal value,Cubic meters per year,1.29,Estimated value,Percentage of land area,Low Cultivation,Medium Withdrawal,1.782945736
ARE,United Arab Emirates,2022,2.26,Normal value,Cubic meters per year,1.29,Estimated value,Percentage of land area,Low Cultivation,Medium Withdrawal,1.751937984
GBR,United Kingdom,2014,7.28,Estimated value,Cubic meters per year,25.77,Estimated value,Percentage of land area,Moderate Cultivation,Medium Withdrawal,0.28249903
GBR,United Kingdom,2015,8.16,Estimated value,Cubic meters per year,24.88,Estimated value,Percentage of land area,Moderate Cultivation,Medium Withdrawal,0.327974277
GBR,United Kingdom,2016,8.42,Estimated value,Cubic meters per year,24.93,Estimated value,Percentage of land area,Moderate Cultivation,Medium Withdrawal,0.337745688
GBR,United Kingdom,2017,8.42,Imputed value (CCSA definition),Cubic meters per year,25.17,Estimated value,Percentage of land area,Moderate Cultivation,Medium Withdrawal,0.334525228
GBR,United Kingdom,2018,8.42,Imputed value (CCSA definition),Cubic meters per year,24.97,Estimated value,Percentage of land area,Moderate Cultivation,Medium Withdrawal,0.337204646
GBR,United Kingdom,2019,8.42,Imputed value (CCSA definition),Cubic meters per year,25.17,Estimated value,Percentage of land area,Moderate Cultivation,Medium Withdrawal,0.334525228
GBR,United Kingdom,2020,8.42,Imputed value (CCSA definition),Cubic meters per year,24.73,Estimated value,Percentage of land area,Moderate Cultivation,Medium Withdrawal,0.340477153
GBR,United Kingdom,2021,8.42,Imputed value (CCSA definition),Cubic meters per year,24.86,Estimated value,Percentage of land area,Moderate Cultivation,Medium Withdrawal,0.338696702
GBR,United Kingdom,2022,8.42,Imputed value (CCSA definition),Cubic meters per year,24.79,Estimated value,Percentage of land area,Moderate Cultivation,Medium Withdrawal,0.339653086
USA,United States,2014,439.19,Imputed value (CCSA definition),Cubic meters per year,16.15,Estimated value,Percentage of land area,Moderate Cultivation,Very High Withdrawal,27.19442724
USA,United States,2015,444.29,Estimated value,Cubic meters per year,16.21,Estimated value,Percentage of land area,Moderate Cultivation,Very High Withdrawal,27.40838988
USA,United States,2016,444.29,Imputed value (CCSA definition),Cubic meters per year,16.26,Estimated value,Percentage of land area,Moderate Cultivation,Very High Withdrawal,27.32410824
USA,United States,2017,444.29,Imputed value (CCSA definition),Cubic meters per year,16.32,Estimated value,Percentage of land area,Moderate Cultivation,Very High Withdrawal,27.22365196
USA,United States,2018,444.29,Imputed value (CCSA definition),Cubic meters per year,16.2,Estimated value,Percentage of land area,Moderate Cultivation,Very High Withdrawal,27.42530864
USA,United States,2019,444.29,Imputed value (CCSA definition),Cubic meters per year,16.09,Estimated value,Percentage of land area,Moderate Cultivation,Very High Withdrawal,27.61280298
USA,United States,2020,444.29,Imputed value (CCSA definition),Cubic meters per year,15.97,Estimated value,Percentage of land area,Moderate Cultivation,Very High Withdrawal,27.82028804
USA,United States,2021,444.29,Imputed value (CCSA definition),Cubic meters per year,15.86,Estimated value,Percentage of land area,Moderate Cultivation,Very High Withdrawal,28.01324086
USA,United States,2022,444.29,Imputed value (CCSA definition),Cubic meters per year,15.74,Estimated value,Percentage of land area,Moderate Cultivation,Very High Withdrawal,28.22681067
URY,Uruguay,2014,4.14,Imputed value (CCSA definition),Cubic meters per year,14.05,Estimated value,Percentage of land area,Moderate Cultivation,Medium Withdrawal,0.294661922
URY,Uruguay,2015,4.18,Imputed value (CCSA definition),Cubic meters per year,14,Estimated value,Percentage of land area,Moderate Cultivation,Medium Withdrawal,0.298571429
URY,Uruguay,2016,4.21,Imputed value (CCSA definition),Cubic meters per year,12.85,Estimated value,Percentage of land area,Moderate Cultivation,Medium Withdrawal,0.327626459
URY,Uruguay,2017,4.25,Imputed value (CCSA definition),Cubic meters per year,12.61,Estimated value,Percentage of land area,Moderate Cultivation,Medium Withdrawal,0.3370341
URY,Uruguay,2018,4.28,Imputed value (CCSA definition),Cubic meters per year,12.43,Estimated value,Percentage of land area,Moderate Cultivation,Medium Withdrawal,0.344328238
URY,Uruguay,2019,4.32,Imputed value (CCSA definition),Cubic meters per year,12.07,Estimated value,Percentage of land area,Moderate Cultivation,Medium Withdrawal,0.357912179
URY,Uruguay,2020,4.35,Normal value,Cubic meters per year,11.71,Estimated value,Percentage of land area,Moderate Cultivation,Medium Withdrawal,0.37147737
URY,Uruguay,2021,4.42,Normal value,Cubic meters per year,11.75,Estimated value,Percentage of land area,Moderate Cultivation,Medium Withdrawal,0.376170213
URY,Uruguay,2022,4.51,Normal value,Cubic meters per year,12.23,Estimated value,Percentage of land area,Moderate Cultivation,Medium Withdrawal,0.368765331
UZB,Uzbekistan,2014,50.46,Estimated value,Cubic meters per year,9.87,Estimated value,Percentage of land area,Low Cultivation,Very High Withdrawal,5.112462006
UZB,Uzbekistan,2015,55.14,Estimated value,Cubic meters per year,9.88,Estimated value,Percentage of land area,Low Cultivation,Very High Withdrawal,5.58097166
UZB,Uzbekistan,2016,54.55,Estimated value,Cubic meters per year,9.88,Estimated value,Percentage of land area,Low Cultivation,Very High Withdrawal,5.521255061
UZB,Uzbekistan,2017,58.9,Estimated value,Cubic meters per year,9.84,Estimated value,Percentage of land area,Low Cultivation,Very High Withdrawal,5.985772358
UZB,Uzbekistan,2018,55.93,Imputed value (CCSA definition),Cubic meters per year,9.84,Estimated value,Percentage of land area,Low Cultivation,Very High Withdrawal,5.683943089
UZB,Uzbekistan,2019,52.95,Estimated value,Cubic meters per year,9.88,Estimated value,Percentage of land area,Low Cultivation,Very High Withdrawal,5.359311741
UZB,Uzbekistan,2020,50,Normal value,Cubic meters per year,9.89,Estimated value,Percentage of land area,Low Cultivation,High Withdrawal,5.055611729
UZB,Uzbekistan,2021,42.5,Normal value,Cubic meters per year,9.88,Estimated value,Percentage of land area,Low Cultivation,High Withdrawal,4.301619433
UZB,Uzbekistan,2022,42.9,Normal value,Cubic meters per year,9.88,Estimated value,Percentage of land area,Low Cultivation,High Withdrawal,4.342105263
VEN,"Venezuela, RB",2014,22.62,Estimated value,Cubic meters per year,3.62,Estimated value,Percentage of land area,Low Cultivation,High Withdrawal,6.248618785
VEN,"Venezuela, RB",2015,22.62,Estimated value,Cubic meters per year,3.62,Estimated value,Percentage of land area,Low Cultivation,High Withdrawal,6.248618785
VEN,"Venezuela, RB",2016,22.62,Estimated value,Cubic meters per year,3.62,Estimated value,Percentage of land area,Low Cultivation,High Withdrawal,6.248618785
VEN,"Venezuela, RB",2017,22.62,Estimated value,Cubic meters per year,3.62,Estimated value,Percentage of land area,Low Cultivation,High Withdrawal,6.248618785
VEN,"Venezuela, RB",2018,22.62,Estimated value,Cubic meters per year,3.62,Estimated value,Percentage of land area,Low Cultivation,High Withdrawal,6.248618785
VEN,"Venezuela, RB",2019,22.62,Estimated value,Cubic meters per year,3.62,Estimated value,Percentage of land area,Low Cultivation,High Withdrawal,6.248618785
VEN,"Venezuela, RB",2020,22.62,Estimated value,Cubic meters per year,3.62,Estimated value,Percentage of land area,Low Cultivation,High Withdrawal,6.248618785
VEN,"Venezuela, RB",2021,22.62,Estimated value,Cubic meters per year,3.62,Estimated value,Percentage of land area,Low Cultivation,High Withdrawal,6.248618785
VEN,"Venezuela, RB",2022,22.62,Estimated value,Cubic meters per year,3.62,Estimated value,Percentage of land area,Low Cultivation,High Withdrawal,6.248618785
VNM,Viet Nam,2014,81.86,Imputed value (CCSA definition),Cubic meters per year,30.89,Estimated value,Percentage of land area,High Cultivation,Very High Withdrawal,2.650048559
VNM,Viet Nam,2015,81.86,Imputed value (CCSA definition),Cubic meters per year,34.74,Estimated value,Percentage of land area,High Cultivation,Very High Withdrawal,2.356361543
VNM,Viet Nam,2016,81.86,Imputed value (CCSA definition),Cubic meters per year,34.81,Estimated value,Percentage of land area,High Cultivation,Very High Withdrawal,2.351623097
VNM,Viet Nam,2017,81.86,Imputed value (CCSA definition),Cubic meters per year,34.8,Estimated value,Percentage of land area,High Cultivation,Very High Withdrawal,2.352298851
VNM,Viet Nam,2018,81.86,Imputed value (CCSA definition),Cubic meters per year,34.71,Estimated value,Percentage of land area,High Cultivation,Very High Withdrawal,2.358398156
VNM,Viet Nam,2019,81.86,Imputed value (CCSA definition),Cubic meters per year,35.46,Estimated value,Percentage of land area,High Cultivation,Very High Withdrawal,2.308516638
VNM,Viet Nam,2020,81.86,Imputed value (CCSA definition),Cubic meters per year,35.38,Estimated value,Percentage of land area,High Cultivation,Very High Withdrawal,2.313736574
VNM,Viet Nam,2021,81.86,Imputed value (CCSA definition),Cubic meters per year,35.38,Estimated value,Percentage of land area,High Cultivation,Very High Withdrawal,2.313736574
VNM,Viet Nam,2022,81.86,Imputed value (CCSA definition),Cubic meters per year,35.24,Estimated value,Percentage of land area,High Cultivation,Very High Withdrawal,2.32292849
PSE,West Bank and Gaza,2014,0.27,Normal value,Cubic meters per year,23.83,Estimated value,Percentage of land area,Moderate Cultivation,Low Withdrawal,0.011330256
PSE,West Bank and Gaza,2015,0.29,Normal value,Cubic meters per year,25.48,Estimated value,Percentage of land area,Moderate Cultivation,Low Withdrawal,0.011381476
PSE,West Bank and Gaza,2016,0.28,Normal value,Cubic meters per year,26.15,Estimated value,Percentage of land area,Moderate Cultivation,Low Withdrawal,0.010707457
PSE,West Bank and Gaza,2017,0.29,Normal value,Cubic meters per year,25.37,Estimated value,Percentage of land area,Moderate Cultivation,Low Withdrawal,0.011430824
PSE,West Bank and Gaza,2018,0.3,Normal value,Cubic meters per year,25.21,Estimated value,Percentage of land area,Moderate Cultivation,Low Withdrawal,0.01190004
PSE,West Bank and Gaza,2019,0.33,Normal value,Cubic meters per year,24.64,Estimated value,Percentage of land area,Moderate Cultivation,Low Withdrawal,0.013392857
PSE,West Bank and Gaza,2020,0.35,Normal value,Cubic meters per year,21.74,Estimated value,Percentage of land area,Moderate Cultivation,Low Withdrawal,0.016099356
PSE,West Bank and Gaza,2021,0.33,Normal value,Cubic meters per year,18.79,Estimated value,Percentage of land area,Moderate Cultivation,Low Withdrawal,0.017562533
PSE,West Bank and Gaza,2022,0.34,Normal value,Cubic meters per year,18.79,Estimated value,Percentage of land area,Moderate Cultivation,Low Withdrawal,0.018094731
YEM,"Yemen, Rep.",2014,3.56,Imputed value (CCSA definition),Cubic meters per year,2.75,Estimated value,Percentage of land area,Low Cultivation,Medium Withdrawal,1.294545455
YEM,"Yemen, Rep.",2015,3.56,Imputed value (CCSA definition),Cubic meters per year,2.71,Estimated value,Percentage of land area,Low Cultivation,Medium Withdrawal,1.313653137
YEM,"Yemen, Rep.",2016,3.56,Imputed value (CCSA definition),Cubic meters per year,2.62,Estimated value,Percentage of land area,Low Cultivation,Medium Withdrawal,1.358778626
YEM,"Yemen, Rep.",2017,3.56,Imputed value (CCSA definition),Cubic meters per year,2.75,Estimated value,Percentage of land area,Low Cultivation,Medium Withdrawal,1.294545455
YEM,"Yemen, Rep.",2018,3.56,Imputed value (CCSA definition),Cubic meters per year,2.75,Estimated value,Percentage of land area,Low Cultivation,Medium Withdrawal,1.294545455
YEM,"Yemen, Rep.",2019,3.56,Imputed value (CCSA definition),Cubic meters per year,2.75,Estimated value,Percentage of land area,Low Cultivation,Medium Withdrawal,1.294545455
YEM,"Yemen, Rep.",2020,3.56,Imputed value (CCSA definition),Cubic meters per year,2.75,Estimated value,Percentage of land area,Low Cultivation,Medium Withdrawal,1.294545455
YEM,"Yemen, Rep.",2021,3.56,Imputed value (CCSA definition),Cubic meters per year,2.75,Estimated value,Percentage of land area,Low Cultivation,Medium Withdrawal,1.294545455
YEM,"Yemen, Rep.",2022,3.56,Imputed value (CCSA definition),Cubic meters per year,2.75,Estimated value,Percentage of land area,Low Cultivation,Medium Withdrawal,1.294545455
ZMB,Zambia,2014,1.57,Imputed value (CCSA definition),Cubic meters per year,4.97,Estimated value,Percentage of land area,Low Cultivation,Medium Withdrawal,0.315895372
ZMB,Zambia,2015,1.57,Imputed value (CCSA definition),Cubic meters per year,4.97,Estimated value,Percentage of land area,Low Cultivation,Medium Withdrawal,0.315895372
ZMB,Zambia,2016,1.57,Imputed value (CCSA definition),Cubic meters per year,4.97,Estimated value,Percentage of land area,Low Cultivation,Medium Withdrawal,0.315895372
ZMB,Zambia,2017,1.57,Imputed value (CCSA definition),Cubic meters per year,5.1,Estimated value,Percentage of land area,Low Cultivation,Medium Withdrawal,0.307843137
ZMB,Zambia,2018,1.57,Imputed value (CCSA definition),Cubic meters per year,5.1,Estimated value,Percentage of land area,Low Cultivation,Medium Withdrawal,0.307843137
ZMB,Zambia,2019,1.57,Imputed value (CCSA definition),Cubic meters per year,5.1,Estimated value,Percentage of land area,Low Cultivation,Medium Withdrawal,0.307843137
ZMB,Zambia,2020,1.57,Imputed value (CCSA definition),Cubic meters per year,5.1,Estimated value,Percentage of land area,Low Cultivation,Medium Withdrawal,0.307843137
ZMB,Zambia,2021,1.57,Imputed value (CCSA definition),Cubic meters per year,5.1,Estimated value,Percentage of land area,Low Cultivation,Medium Withdrawal,0.307843137
ZMB,Zambia,2022,1.57,Imputed value (CCSA definition),Cubic meters per year,5.1,Estimated value,Percentage of land area,Low Cultivation,Medium Withdrawal,0.307843137
ZWE,Zimbabwe,2014,3.42,Imputed value (CCSA definition),Cubic meters per year,8.65,Estimated value,Percentage of land area,Low Cultivation,Medium Withdrawal,0.395375723
ZWE,Zimbabwe,2015,3.4,Estimated value,Cubic meters per year,8.55,Estimated value,Percentage of land area,Low Cultivation,Medium Withdrawal,0.397660819
ZWE,Zimbabwe,2016,3.4,Normal value,Cubic meters per year,8.77,Estimated value,Percentage of land area,Low Cultivation,Medium Withdrawal,0.387685291
ZWE,Zimbabwe,2017,3.34,Normal value,Cubic meters per year,8.45,Estimated value,Percentage of land area,Low Cultivation,Medium Withdrawal,0.395266272
ZWE,Zimbabwe,2018,3.77,Normal value,Cubic meters per year,8.62,Estimated value,Percentage of land area,Low Cultivation,Medium Withdrawal,0.437354988
ZWE,Zimbabwe,2019,4.24,Normal value,Cubic meters per year,8.16,Estimated value,Percentage of land area,Low Cultivation,Medium Withdrawal,0.519607843
ZWE,Zimbabwe,2020,4.91,Normal value,Cubic meters per year,8.39,Estimated value,Percentage of land area,Low Cultivation,Medium Withdrawal,0.585220501
ZWE,Zimbabwe,2021,4.91,Imputed value (CCSA definition),Cubic meters per year,8.03,Estimated value,Percentage of land area,Low Cultivation,Medium Withdrawal,0.611457036
ZWE,Zimbabwe,2022,4.91,Imputed value (CCSA definition),Cubic meters per year,8.13,Estimated value,Percentage of land area,Low Cultivation,Medium Withdrawal,0.603936039
